Vehicle Make,n,Fatal Injury,Suspected Serious Injury,Suspected Minor Injury,Possible Injury,No Apparent Injury
TOYOTA,31731,0.09,0.8,8.84,11.75,78.52
HONDA,25252,0.13,1.16,9.43,11.22,78.06
FORD,21021,0.06,0.62,5.53,7.36,86.43
NISSAN,11005,0.07,0.95,9.17,12.29,77.52
TOYT,8841,0.02,0.51,6.35,11.38,81.74
CHEVROLET,6200,0.11,0.73,7.02,7.61,84.53
HOND,5765,0.05,0.43,6.64,12.04,80.83
HYUNDAI,5710,0.09,0.54,10.07,10.93,78.37
DODGE,5402,0.02,0.72,6.18,7.77,85.3
JEEP,4780,0.04,0.63,7.07,8.89,83.37
BMW,4232,0.17,0.97,7.47,9.48,81.92
LEXUS,3988,0.05,0.73,8.83,10.86,79.54
UNKNOWN,3745,0.0,0.08,0.45,1.42,98.05
ACURA,3735,0.11,0.64,9.05,9.69,80.51
KIA,3690,0.14,0.87,8.51,10.43,80.05
CHEV,3670,0.16,0.44,5.42,8.75,85.23
SUBARU,3319,0.09,0.78,7.47,9.01,82.65
CHEVY,3212,0.03,0.97,6.85,9.99,82.16
MAZDA,2988,0.17,0.64,8.9,11.04,79.25
NISS,2652,0.04,0.45,6.52,12.03,80.96
GMC,2258,0.04,0.75,6.51,9.34,83.35
HYUN,2063,0.0,0.63,7.51,11.49,80.37
AUDI,1811,0.22,1.1,6.35,7.95,84.37
MERZ,1713,0.06,0.41,6.83,10.74,81.96
THOMAS,1569,0.0,0.06,0.7,0.89,98.34
VOLKSWAGEN,1505,0.07,1.0,8.97,9.77,80.2
GILLIG,1393,0.0,0.0,1.65,1.72,96.63
MERCEDES,1364,0.15,0.66,7.7,10.63,80.87
CHRYSLER,1245,0.16,0.72,8.59,11.57,78.96
VOLVO,1194,0.0,0.92,7.2,9.55,82.33
FREIGHTLINER,1188,0.0,0.08,1.52,1.6,96.8
NEW FLYER,1085,0.0,0.09,1.47,2.67,95.76
VOLK,1068,0.19,0.37,6.27,11.14,82.02
GILL,1044,0.0,0.0,0.57,2.3,97.13
MERCEDES-BENZ,1033,0.1,0.48,10.16,9.39,79.86
TESLA,984,0.0,0.51,6.81,7.72,84.96
ACUR,962,0.0,0.31,5.93,9.67,84.1
SUBA,944,0.0,0.21,4.98,9.11,85.7
INFINITI,929,0.32,0.65,10.87,8.83,79.33
DODG,863,0.12,0.35,5.45,5.33,88.76
RAM,819,0.12,0.24,3.66,4.88,91.09
BUICK,814,0.12,2.21,10.2,9.71,77.76
VOLKSWAGON,807,0.0,1.36,7.43,11.28,79.93
CADILLAC,752,0.53,1.33,6.78,7.58,83.78
MAZD,714,0.0,0.42,5.74,10.92,82.91
MITSUBISHI,692,0.14,0.72,8.09,8.53,82.51
FRHT,690,0.0,0.14,0.87,1.3,97.68
THOMAS BUILT,637,0.0,0.16,0.63,0.78,98.43
LEXS,605,0.0,0.83,4.79,10.25,84.13
MACK,601,0.0,0.33,2.33,2.83,94.51
CHRY,581,0.0,0.17,6.71,11.88,81.24
THOM,574,0.0,0.17,0.7,0.35,98.78
LINCOLN,529,0.0,0.95,8.7,7.94,82.42
MITS,477,0.0,0.21,7.76,9.85,82.18
INTERNATIONAL,471,0.0,0.0,1.06,2.55,96.39
MINI,428,0.0,0.47,9.11,8.64,81.78
SCION,388,0.26,1.29,9.54,9.79,79.12
SATURN,370,0.27,0.54,8.92,12.16,78.11
CADI,369,0.0,1.36,6.5,10.3,81.84
INFI,353,0.0,1.42,6.23,12.75,79.6
VOLKS,349,0.29,0.86,11.75,10.32,76.79
VOLV,331,0.0,1.21,6.34,10.27,82.18
VW,330,0.3,0.91,10.0,10.61,78.18
PONTIAC,325,0.0,3.08,10.77,12.92,73.23
LEXU,317,0.0,0.63,7.89,9.46,82.02
MERCURY,309,0.0,1.29,10.03,10.03,78.64
LAND ROVER,306,0.0,0.0,6.21,10.46,83.33
MERC,285,0.0,1.05,7.37,11.93,79.65
ISUZU,272,0.0,1.1,5.15,3.31,90.44
GILG,269,0.0,0.0,1.12,1.86,97.03
SUZUKI,263,4.18,10.27,19.39,16.35,49.81
INTL,228,0.0,0.44,0.88,1.75,96.93
PORSCHE,225,0.0,0.0,6.67,9.78,83.56
BUIC,212,0.0,0.47,8.49,9.91,81.13
TOYO,204,0.0,0.0,13.73,8.82,77.45
MERCEDEZ,199,0.0,1.01,8.04,11.56,79.4
MERCEDES BENZ,193,0.0,3.63,7.77,8.29,80.31
INFINITY,186,0.0,2.69,8.06,12.37,76.88
JAGUAR,176,0.0,1.7,9.09,8.52,80.68
KENWORTH,173,0.0,0.0,2.31,4.05,93.64
LINC,167,0.0,1.2,8.38,5.39,85.03
THMS,162,0.0,0.0,0.0,0.0,100.0
PETERBILT,161,0.0,0.62,2.48,2.48,94.41
SPAR,158,0.0,0.0,0.0,0.63,99.37
HARLEY DAVIDSON,154,2.6,18.83,33.12,25.97,19.48
YAMAHA,154,5.84,27.27,35.06,13.64,18.18
TOYTA,148,0.0,0.68,8.78,10.81,79.73
UNK,146,0.0,0.68,0.0,0.0,99.32
ORION,145,0.0,0.69,0.69,1.38,97.24
PONT,142,0.0,0.7,7.04,11.27,80.99
NWFL,140,0.0,0.0,1.43,2.14,96.43
NISSIAN,137,0.0,1.46,8.03,15.33,75.18
HYUNDIA,130,0.0,2.31,13.85,12.31,71.54
HINO,129,0.0,0.78,3.88,3.1,92.25
KAWASAKI,126,5.56,23.81,34.13,15.08,21.43
TBU,123,0.0,0.0,0.0,0.81,99.19
FIAT,121,0.0,0.0,9.09,14.88,76.03
SPARTAN,121,0.0,0.0,0.0,0.0,100.0
PIERCE,115,0.0,0.0,0.0,0.0,100.0
TOY,113,0.0,0.0,3.54,11.5,84.96
LANDROVER,102,0.0,0.98,3.92,5.88,89.22
SAAB,100,0.0,1.0,6.0,8.0,85.0
CHEVEROLET,92,0.0,0.0,8.7,8.7,82.61
STERLING,88,0.0,0.0,0.0,0.0,100.0
PIERCE MANUFACTURING,86,0.0,0.0,0.0,0.0,100.0
PTRB,86,0.0,0.0,2.33,2.33,95.35
CHEVORLET,83,0.0,0.0,4.82,7.23,87.95
NFLY,83,0.0,0.0,1.2,0.0,98.8
PORS,80,0.0,1.25,8.75,8.75,81.25
UU,80,0.0,1.25,1.25,1.25,96.25
FREIGHT,77,0.0,0.0,0.0,3.9,96.1
NABI,77,0.0,0.0,0.0,1.3,98.7
TESL,72,0.0,0.0,2.78,11.11,86.11
KW,70,0.0,0.0,0.0,5.71,94.29
LNDR,69,0.0,0.0,2.9,10.14,86.96
HYUND,68,0.0,1.47,4.41,23.53,70.59
ISU,68,0.0,0.0,4.41,4.41,91.18
TOYOT,68,1.47,1.47,4.41,13.24,79.41
PIER,66,0.0,0.0,0.0,0.0,100.0
ORIO,64,0.0,0.0,1.56,1.56,96.88
HUMMER,62,0.0,3.23,0.0,17.74,79.03
PETERBUILT,61,0.0,0.0,0.0,3.28,96.72
GENESIS,58,0.0,0.0,5.17,10.34,84.48
PIRC,58,0.0,0.0,0.0,1.72,98.28
BUS,56,0.0,1.79,0.0,1.79,96.43
GRUMMAN,56,0.0,1.79,5.36,8.93,83.93
JAGU,56,0.0,0.0,3.57,12.5,83.93
STRN,56,0.0,0.0,10.71,12.5,76.79
RANGE ROVER,55,0.0,0.0,7.27,7.27,85.45
SUBURU,54,0.0,1.85,5.56,14.81,77.78
IC,53,0.0,0.0,0.0,0.0,100.0
METRO,51,0.0,0.0,1.96,1.96,96.08
SUZI,51,0.0,3.92,29.41,21.57,45.1
OLDSMOBILE,49,0.0,0.0,10.2,12.24,77.55
NOVABUS,46,0.0,0.0,0.0,2.17,97.83
THOMPSON,46,0.0,0.0,2.17,2.17,95.65
GM,45,0.0,4.44,0.0,2.22,93.33
CHRYS,44,0.0,2.27,2.27,4.55,90.91
SATU,44,0.0,0.0,11.36,4.55,84.09
CADILAC,43,0.0,4.65,6.98,9.3,79.07
MASERATI,43,0.0,0.0,6.98,6.98,86.05
MNNI,42,0.0,0.0,7.14,14.29,78.57
XX,42,0.0,0.0,4.76,0.0,95.24
NEW,41,0.0,0.0,0.0,7.32,92.68
PETE,41,0.0,0.0,0.0,0.0,100.0
FREI,40,0.0,0.0,0.0,7.5,92.5
CHRYSTLER,39,0.0,0.0,2.56,10.26,87.18
STLG,39,0.0,0.0,0.0,2.56,97.44
ISUZ,37,0.0,2.7,0.0,8.11,89.19
SCIO,37,0.0,0.0,10.81,8.11,81.08
TOYOYA,37,0.0,0.0,8.11,13.51,78.38
HYUNDI,36,0.0,0.0,5.56,13.89,80.56
SUZU,36,2.78,0.0,16.67,8.33,72.22
TOYTOA,35,0.0,0.0,8.57,8.57,82.86
NOVA,34,0.0,0.0,2.94,2.94,94.12
OLDS,34,0.0,0.0,17.65,5.88,76.47
DUCATI,33,3.03,21.21,39.39,12.12,24.24
HARLEY,33,0.0,15.15,27.27,33.33,24.24
HARLEY-DAVIDSON,33,0.0,33.33,36.36,12.12,18.18
GEO,32,0.0,0.0,15.62,6.25,78.12
MINI COOPER,32,0.0,3.12,3.12,9.38,84.38
TRIUMPH,32,6.25,15.62,43.75,25.0,9.38
LEX,30,0.0,0.0,10.0,13.33,76.67
YAMA,30,0.0,23.33,23.33,33.33,20.0
SMART,29,0.0,0.0,3.45,20.69,75.86
SUB,29,0.0,0.0,10.34,13.79,75.86
ALFA ROMEO,28,0.0,0.0,10.71,3.57,85.71
HYUNDA,28,0.0,0.0,7.14,7.14,85.71
KENW,28,0.0,0.0,0.0,0.0,100.0
NOVB,28,0.0,0.0,0.0,0.0,100.0
OTHR,28,0.0,0.0,0.0,7.14,92.86
SUBU,28,0.0,0.0,3.57,28.57,67.86
TOYTOTA,28,0.0,0.0,7.14,10.71,82.14
PLYMOUTH,26,0.0,3.85,19.23,11.54,65.38
MERCEDEZ BENZ,24,0.0,0.0,8.33,8.33,83.33
MITZ,24,0.0,4.17,12.5,20.83,62.5
NISAN,24,0.0,0.0,0.0,8.33,91.67
SPARTAN MOTORS CHASS,24,0.0,0.0,0.0,0.0,100.0
USPS,24,0.0,0.0,0.0,0.0,100.0
FLYER,23,0.0,0.0,0.0,0.0,100.0
TOTOTA,23,0.0,0.0,8.7,17.39,73.91
99,22,0.0,0.0,0.0,4.55,95.45
KAWK,22,0.0,27.27,22.73,31.82,18.18
MAZADA,22,0.0,0.0,18.18,0.0,81.82
RIVIAN,22,0.0,0.0,0.0,0.0,100.0
TOTY,22,0.0,0.0,13.64,31.82,54.55
VOLKS WAGON,22,0.0,9.09,9.09,4.55,77.27
ZHILONG,22,0.0,4.55,27.27,27.27,40.91
FRT,21,0.0,0.0,0.0,0.0,100.0
INFINTI,21,0.0,4.76,0.0,0.0,95.24
SEAGRAVE,21,0.0,0.0,0.0,0.0,100.0
TRANSIT,21,0.0,0.0,0.0,9.52,90.48
CRANE,20,0.0,0.0,5.0,10.0,85.0
HUNDAI,20,0.0,0.0,10.0,20.0,70.0
GENERAL MOTORS,19,0.0,0.0,5.26,0.0,94.74
JOHN DEERE,19,0.0,0.0,0.0,10.53,89.47
NISSA,19,0.0,0.0,5.26,0.0,94.74
TSMR,19,0.0,0.0,5.26,10.53,84.21
ACCURA,18,0.0,0.0,16.67,11.11,72.22
GILLIS,18,0.0,0.0,0.0,0.0,100.0
INT,18,0.0,0.0,11.11,5.56,83.33
INTE,18,0.0,0.0,0.0,0.0,100.0
AUTO,17,0.0,0.0,0.0,0.0,100.0
CRAN,17,0.0,0.0,0.0,5.88,94.12
FRIEGHTLINER,17,0.0,0.0,0.0,5.88,94.12
HD,17,0.0,11.76,41.18,23.53,23.53
STER,17,0.0,0.0,0.0,0.0,100.0
CRYSLER,16,0.0,0.0,12.5,12.5,75.0
HUMM,16,0.0,0.0,6.25,6.25,87.5
MCI,16,0.0,0.0,0.0,0.0,100.0
ZZKNOWN,16,0.0,12.5,18.75,6.25,62.5
00,15,0.0,6.67,6.67,0.0,86.67
AUTOCAR,15,0.0,0.0,0.0,0.0,100.0
HINDA,15,0.0,0.0,6.67,13.33,80.0
HYUDAI,15,0.0,0.0,0.0,26.67,73.33
SAA,15,0.0,0.0,6.67,6.67,86.67
THOM BU,15,0.0,0.0,0.0,0.0,100.0
THOMAS BUS,15,0.0,0.0,0.0,0.0,100.0
VOLKWAGON,15,0.0,6.67,0.0,13.33,80.0
WESTERN STAR,15,0.0,0.0,0.0,0.0,100.0
FTL,14,0.0,0.0,0.0,0.0,100.0
LEXSUS,14,0.0,0.0,7.14,14.29,78.57
PLYM,14,0.0,0.0,7.14,0.0,92.86
GIL,13,0.0,0.0,0.0,0.0,100.0
HYNDAI,13,0.0,0.0,0.0,15.38,84.62
IC BUS,13,0.0,0.0,0.0,0.0,100.0
SEAG,13,0.0,0.0,0.0,0.0,100.0
STERLING TRUCK,13,0.0,0.0,7.69,0.0,92.31
VOLVO TRUCK,13,0.0,0.0,0.0,0.0,100.0
BU,12,0.0,0.0,0.0,16.67,83.33
GILIG,12,0.0,0.0,8.33,0.0,91.67
MAC,12,0.0,0.0,0.0,0.0,100.0
MITSU,12,0.0,0.0,0.0,16.67,83.33
NEWFLYER,12,0.0,0.0,0.0,0.0,100.0
STRG,12,0.0,0.0,0.0,0.0,100.0
TOYOA,12,0.0,0.0,16.67,8.33,75.0
VANH,12,0.0,0.0,8.33,16.67,75.0
VOLKWAGEN,12,0.0,0.0,8.33,8.33,83.33
BENTLEY,11,0.0,0.0,0.0,9.09,90.91
BLUE BIRD,11,0.0,0.0,0.0,0.0,100.0
EMON,11,0.0,0.0,0.0,0.0,100.0
FREIGHT LINER,11,0.0,0.0,0.0,0.0,100.0
GENS,11,0.0,0.0,0.0,18.18,81.82
HYANDAI,11,0.0,0.0,9.09,27.27,63.64
INTER,11,0.0,0.0,0.0,0.0,100.0
KTM,11,9.09,18.18,18.18,18.18,36.36
LUCID,11,0.0,0.0,9.09,0.0,90.91
MADZA,11,0.0,0.0,0.0,0.0,100.0
PORCHE,11,0.0,0.0,9.09,18.18,72.73
POSTAL,11,0.0,0.0,0.0,0.0,100.0
RANGE,11,0.0,0.0,18.18,0.0,81.82
TRUCK,11,0.0,0.0,0.0,0.0,100.0
ALFA,10,0.0,0.0,0.0,0.0,100.0
CAD,10,0.0,10.0,0.0,20.0,70.0
CHEVERLOT,10,0.0,0.0,0.0,0.0,100.0
DAIMLER,10,0.0,0.0,0.0,0.0,100.0
FRIGHTLINER,10,0.0,0.0,0.0,0.0,100.0
GRUMMAN ALLIED,10,0.0,0.0,10.0,0.0,90.0
HYUNDAY,10,0.0,0.0,20.0,0.0,80.0
IZUZU,10,0.0,0.0,10.0,40.0,50.0
JAG,10,0.0,0.0,0.0,0.0,100.0
MAZ,10,0.0,0.0,10.0,20.0,70.0
MCIN,10,0.0,0.0,0.0,0.0,100.0
POLESTAR,10,0.0,0.0,0.0,0.0,100.0
VOLSWAGON,10,0.0,0.0,10.0,10.0,80.0
BWM,9,0.0,0.0,0.0,22.22,77.78
CRIMSON,9,0.0,0.0,0.0,0.0,100.0
FREIGHLINER,9,0.0,0.0,0.0,0.0,100.0
HONA,9,0.0,0.0,11.11,0.0,88.89
HUYNDAI,9,0.0,0.0,0.0,11.11,88.89
INFIN,9,0.0,0.0,0.0,11.11,88.89
INFINITE,9,0.0,0.0,0.0,33.33,66.67
KENILWORTH,9,0.0,0.0,0.0,0.0,100.0
SUBURA,9,0.0,0.0,0.0,11.11,88.89
TOYOYTA,9,0.0,0.0,11.11,0.0,88.89
TYOTA,9,0.0,0.0,0.0,0.0,100.0
VAN HOOL,9,0.0,0.0,0.0,0.0,100.0
CHEVROLETE,8,0.0,0.0,0.0,0.0,100.0
CHRYLSER,8,0.0,0.0,0.0,0.0,100.0
CRCA,8,0.0,0.0,0.0,0.0,100.0
E-ONE,8,0.0,0.0,0.0,0.0,100.0
EPO,8,0.0,0.0,0.0,12.5,87.5
FRGHT,8,0.0,0.0,0.0,0.0,100.0
GI,8,0.0,0.0,0.0,0.0,100.0
GILLIC,8,0.0,0.0,12.5,0.0,87.5
HUYN,8,0.0,0.0,25.0,0.0,75.0
INFINTY,8,0.0,0.0,0.0,0.0,100.0
LLV,8,0.0,0.0,0.0,12.5,87.5
NEWVAL2006,8,0.0,0.0,0.0,0.0,100.0
RIDE ON,8,0.0,0.0,0.0,0.0,100.0
ROV,8,0.0,0.0,25.0,0.0,75.0
SMRT,8,0.0,0.0,25.0,12.5,62.5
THOMAS BUILT BUS,8,0.0,0.0,0.0,0.0,100.0
TOTOYA,8,0.0,12.5,0.0,25.0,62.5
UD,8,0.0,0.0,0.0,0.0,100.0
WORKHORSE,8,0.0,0.0,0.0,0.0,100.0
BOBCAT,7,0.0,0.0,0.0,0.0,100.0
FIRE,7,0.0,0.0,0.0,0.0,100.0
GILLAG,7,0.0,0.0,0.0,0.0,100.0
GILLIAM,7,0.0,0.0,0.0,0.0,100.0
GILLIAN,7,0.0,0.0,0.0,14.29,85.71
HARL,7,0.0,14.29,28.57,28.57,28.57
HODNA,7,0.0,0.0,0.0,14.29,85.71
HYUANDAI,7,0.0,0.0,0.0,28.57,71.43
HYUNAI,7,0.0,0.0,0.0,14.29,85.71
LEXIS,7,0.0,0.0,14.29,0.0,85.71
LINCON,7,0.0,0.0,0.0,14.29,85.71
MAIL,7,0.0,0.0,0.0,0.0,100.0
MINNI,7,0.0,0.0,0.0,14.29,85.71
PETER BUILT,7,0.0,0.0,0.0,0.0,100.0
POLARIS,7,0.0,42.86,14.29,14.29,28.57
TELSA,7,0.0,0.0,42.86,0.0,57.14
US POSTAL,7,0.0,14.29,0.0,14.29,71.43
WEST,7,0.0,0.0,0.0,0.0,100.0
XXX,7,0.0,0.0,0.0,0.0,100.0
XXXX,7,0.0,14.29,0.0,0.0,85.71
BENZ,6,0.0,0.0,16.67,0.0,83.33
BMX,6,0.0,0.0,0.0,33.33,66.67
BTL,6,0.0,0.0,0.0,0.0,100.0
CHYSLER,6,0.0,0.0,16.67,0.0,83.33
DODGE RAM,6,0.0,0.0,0.0,16.67,83.33
EMG,6,0.0,0.0,0.0,0.0,100.0
FENGYUAN,6,0.0,0.0,50.0,0.0,50.0
FRIEGHT,6,0.0,0.0,0.0,0.0,100.0
GILB,6,0.0,0.0,0.0,0.0,100.0
GILL BU,6,0.0,0.0,0.0,0.0,100.0
GILLIE,6,0.0,0.0,0.0,0.0,100.0
GRUMAN,6,0.0,0.0,16.67,0.0,83.33
HODA,6,0.0,0.0,33.33,0.0,66.67
HSB,6,0.0,0.0,0.0,0.0,100.0
KEN,6,0.0,0.0,16.67,0.0,83.33
KYMCO,6,0.0,16.67,66.67,16.67,0.0
LAMBORGHINI,6,0.0,0.0,16.67,16.67,66.67
MASE,6,0.0,0.0,0.0,0.0,100.0
MOTOR COACH INDUSTRI,6,0.0,0.0,0.0,0.0,100.0
NDMC,6,0.0,0.0,16.67,0.0,83.33
NISSON,6,0.0,0.0,0.0,16.67,83.33
OTHER,6,0.0,0.0,0.0,0.0,100.0
PETER,6,0.0,0.0,0.0,16.67,83.33
PREVOST,6,0.0,0.0,0.0,0.0,100.0
RANG,6,0.0,0.0,0.0,0.0,100.0
SATR,6,0.0,0.0,0.0,0.0,100.0
"SPARTAN FIRE, LLC",6,0.0,0.0,0.0,0.0,100.0
SUBAR,6,0.0,0.0,0.0,16.67,83.33
TOOTA,6,0.0,0.0,0.0,16.67,83.33
TOYOTS,6,0.0,0.0,0.0,0.0,100.0
VAN,6,0.0,0.0,0.0,0.0,100.0
VICTORY,6,0.0,16.67,50.0,0.0,33.33
VOLKSWAGGON,6,0.0,16.67,0.0,33.33,50.0
VOLSWAGEN,6,0.0,0.0,0.0,0.0,100.0
WORK,6,0.0,0.0,0.0,0.0,100.0
X,6,0.0,0.0,0.0,16.67,83.33
ZNEN,6,0.0,33.33,50.0,16.67,0.0
BLUE,5,0.0,0.0,0.0,0.0,100.0
CATERPILLAR,5,0.0,0.0,0.0,0.0,100.0
CHEVOLET,5,0.0,0.0,20.0,0.0,80.0
FERRARI,5,0.0,0.0,0.0,20.0,80.0
FR,5,0.0,0.0,0.0,0.0,100.0
FRE,5,0.0,0.0,0.0,0.0,100.0
FREIGHTLINE,5,0.0,0.0,0.0,0.0,100.0
GILL BUS,5,0.0,0.0,0.0,0.0,100.0
GILLY,5,0.0,0.0,0.0,0.0,100.0
HUNDAY,5,0.0,0.0,20.0,20.0,60.0
HYN,5,0.0,0.0,20.0,20.0,60.0
HYUNDAU,5,0.0,0.0,20.0,0.0,80.0
INFINIT,5,0.0,0.0,20.0,0.0,80.0
KAWA,5,0.0,40.0,40.0,0.0,20.0
KUBOTA,5,0.0,0.0,0.0,0.0,100.0
MAZA,5,0.0,0.0,20.0,20.0,60.0
MERZ BENZ,5,0.0,0.0,0.0,20.0,80.0
MERZEDES,5,0.0,0.0,0.0,20.0,80.0
MINICOOPER,5,0.0,0.0,0.0,0.0,100.0
MISSAN,5,0.0,0.0,0.0,0.0,100.0
MISTUBISHI,5,0.0,0.0,20.0,0.0,80.0
MORGAN,5,0.0,0.0,0.0,0.0,100.0
PTR,5,0.0,0.0,0.0,0.0,100.0
STAR,5,0.0,0.0,0.0,0.0,100.0
SUSUKI,5,0.0,20.0,40.0,20.0,20.0
TAO TAO,5,20.0,20.0,0.0,20.0,40.0
TAOTAO,5,0.0,40.0,20.0,20.0,20.0
THML,5,0.0,0.0,0.0,0.0,100.0
THOMS,5,0.0,0.0,0.0,0.0,100.0
TOY0TA,5,0.0,0.0,0.0,20.0,80.0
VANHOOL,5,0.0,0.0,0.0,0.0,100.0
VOLV0,5,0.0,0.0,0.0,0.0,100.0
WHITE,5,0.0,0.0,0.0,0.0,100.0
WMATA,5,0.0,0.0,0.0,20.0,80.0
WSTR,5,0.0,0.0,0.0,0.0,100.0
0000,4,0.0,0.0,25.0,0.0,75.0
CAMRY,4,0.0,0.0,0.0,25.0,75.0
CAT,4,0.0,0.0,0.0,0.0,100.0
CCC,4,0.0,0.0,0.0,0.0,100.0
CERVELO,4,0.0,25.0,50.0,25.0,0.0
CHERVOLET,4,0.0,0.0,0.0,50.0,50.0
CHEVROET,4,0.0,0.0,0.0,25.0,75.0
CHEVYROLET,4,0.0,0.0,25.0,0.0,75.0
CHVY,4,0.0,0.0,0.0,50.0,50.0
CHYR,4,0.0,0.0,0.0,0.0,100.0
COOPER,4,0.0,0.0,50.0,0.0,50.0
CRNE,4,0.0,0.0,0.0,25.0,75.0
DOGE,4,0.0,0.0,0.0,0.0,100.0
ELDO,4,0.0,0.0,0.0,25.0,75.0
EONE,4,0.0,0.0,0.0,0.0,100.0
FCA,4,0.0,0.0,25.0,0.0,75.0
FOR,4,0.0,0.0,0.0,0.0,100.0
FRG,4,0.0,0.0,0.0,0.0,100.0
FRHT AM,4,0.0,0.0,0.0,0.0,100.0
GIILIG,4,0.0,0.0,0.0,25.0,75.0
GILG BU,4,0.0,0.0,0.0,0.0,100.0
GILLIGAN,4,0.0,0.0,0.0,0.0,100.0
HONDA`,4,0.0,0.0,0.0,50.0,50.0
HYAUNDAI,4,0.0,0.0,25.0,0.0,75.0
IC CORP,4,0.0,0.0,0.0,0.0,100.0
ICRP,4,0.0,0.0,0.0,0.0,100.0
INDIAN MOTORCYCLE,4,25.0,25.0,0.0,25.0,25.0
INF,4,0.0,25.0,0.0,25.0,50.0
INFINI,4,0.0,0.0,0.0,50.0,50.0
INIFINITI,4,0.0,0.0,0.0,25.0,75.0
INTERNATION,4,0.0,25.0,0.0,0.0,75.0
JIAJUE,4,0.0,0.0,25.0,50.0,25.0
K & W LOAD STAR,4,0.0,0.0,0.0,0.0,100.0
KENWOOD,4,0.0,0.0,0.0,0.0,100.0
LAND,4,0.0,0.0,0.0,25.0,75.0
LEXAS,4,0.0,0.0,0.0,0.0,100.0
MADZ,4,0.0,0.0,0.0,0.0,100.0
MAIL TRUCK,4,0.0,0.0,0.0,0.0,100.0
MB,4,0.0,0.0,0.0,75.0,25.0
MER,4,0.0,0.0,0.0,0.0,100.0
METRO BUS,4,0.0,0.0,0.0,0.0,100.0
MIT,4,0.0,0.0,0.0,0.0,100.0
MITSHUBISHI,4,0.0,0.0,0.0,0.0,100.0
MITSIBISHI,4,0.0,0.0,0.0,0.0,100.0
MITSUBSHI,4,0.0,0.0,25.0,0.0,75.0
NAVISTAR,4,0.0,0.0,0.0,0.0,100.0
NISSSAN,4,0.0,0.0,25.0,0.0,75.0
PACE,4,0.0,0.0,0.0,0.0,100.0
PENSKE,4,0.0,0.0,0.0,0.0,100.0
PI,4,0.0,0.0,0.0,0.0,100.0
PONTAIC,4,0.0,0.0,0.0,0.0,100.0
PRCE,4,0.0,0.0,0.0,0.0,100.0
ROYAL ENFIELD,4,0.0,25.0,50.0,25.0,0.0
SCHOOL,4,0.0,0.0,0.0,0.0,100.0
SUBARA,4,0.0,0.0,0.0,0.0,100.0
SUBARY,4,0.0,0.0,0.0,25.0,75.0
SUBR,4,0.0,0.0,0.0,25.0,75.0
SUZ,4,0.0,0.0,50.0,50.0,0.0
SUZIKI,4,0.0,0.0,50.0,0.0,50.0
THO,4,0.0,0.0,0.0,0.0,100.0
TREK,4,0.0,25.0,50.0,25.0,0.0
U/K,4,0.0,0.0,0.0,0.0,100.0
US,4,0.0,0.0,0.0,0.0,100.0
UTILIMASTER,4,0.0,0.0,0.0,0.0,100.0
VESPA,4,0.0,0.0,25.0,50.0,25.0
VNHL,4,0.0,0.0,0.0,0.0,100.0
VOLKSWAGAN,4,0.0,0.0,0.0,0.0,100.0
VOVLO,4,0.0,0.0,25.0,0.0,75.0
WESTERN,4,0.0,0.0,0.0,0.0,100.0
YAHAMA,4,0.0,50.0,25.0,0.0,25.0
"1/OFF KUSTOMS, LLC",3,0.0,0.0,0.0,0.0,100.0
ACRUA,3,0.0,0.0,33.33,33.33,33.33
ACUA,3,0.0,0.0,0.0,0.0,100.0
AMER,3,0.0,0.0,0.0,0.0,100.0
AMERICAN,3,0.0,0.0,0.0,0.0,100.0
APOLLO,3,0.0,0.0,0.0,66.67,33.33
BICYCLE,3,0.0,0.0,0.0,66.67,33.33
BILL,3,0.0,0.0,0.0,0.0,100.0
BLUEBIRD,3,0.0,0.0,0.0,0.0,100.0
BUCK,3,0.0,0.0,33.33,0.0,66.67
CADILLIAC,3,0.0,0.0,0.0,0.0,100.0
CARGO,3,0.0,0.0,0.0,0.0,100.0
CHE VY,3,0.0,0.0,0.0,0.0,100.0
CHEROLET,3,0.0,0.0,0.0,0.0,100.0
CHEVE,3,0.0,0.0,0.0,0.0,100.0
CHRSLER,3,0.0,0.0,0.0,33.33,66.67
CHRYSLEY,3,0.0,0.0,66.67,0.0,33.33
CHVROLET,3,0.0,0.0,0.0,0.0,100.0
CHYRSLER,3,0.0,0.0,33.33,0.0,66.67
CIVIC,3,0.0,0.0,0.0,33.33,66.67
COROLLA,3,0.0,0.0,0.0,33.33,66.67
CRYS,3,0.0,0.0,33.33,33.33,33.33
DAEWOO,3,0.0,0.0,0.0,0.0,100.0
DIDGE,3,0.0,0.0,0.0,0.0,100.0
DUCA,3,0.0,33.33,33.33,33.33,0.0
EAGLE,3,0.0,0.0,0.0,33.33,66.67
EZGO,3,0.0,0.0,66.67,33.33,0.0
FIRE TRUCK,3,0.0,0.0,0.0,0.0,100.0
FLY WING,3,0.0,33.33,33.33,33.33,0.0
FOED,3,0.0,0.0,0.0,0.0,100.0
FRIGHT,3,0.0,0.0,0.0,33.33,66.67
FRTL,3,0.0,0.0,0.0,0.0,100.0
GILLEM,3,0.0,0.0,0.0,0.0,100.0
GILLG,3,0.0,0.0,0.0,0.0,100.0
GILLIG BUS,3,0.0,0.0,0.0,0.0,100.0
HOME,3,0.0,0.0,0.0,33.33,66.67
HON,3,0.0,0.0,33.33,33.33,33.33
HONDDA,3,0.0,0.0,0.0,0.0,100.0
HUY,3,0.0,0.0,0.0,0.0,100.0
HUYANDI,3,0.0,0.0,0.0,33.33,66.67
HUYUNDAI,3,0.0,0.0,0.0,33.33,66.67
HYND,3,0.0,0.0,0.0,0.0,100.0
HYNUDAI,3,0.0,0.0,33.33,0.0,66.67
HYU,3,0.0,0.0,0.0,0.0,100.0
HYUANDI,3,0.0,0.0,33.33,0.0,66.67
IHC,3,0.0,0.0,0.0,0.0,100.0
INIFINIT,3,0.0,0.0,0.0,33.33,66.67
INIFINITY,3,0.0,0.0,0.0,33.33,66.67
INTERN,3,0.0,0.0,0.0,0.0,100.0
INTERNATINAL,3,0.0,0.0,0.0,33.33,66.67
JEEK,3,0.0,0.0,0.0,33.33,66.67
LICOLN,3,0.0,0.0,0.0,33.33,66.67
LIN,3,0.0,0.0,0.0,33.33,66.67
LODA,3,0.0,0.0,0.0,33.33,66.67
MERCDES,3,0.0,0.0,0.0,33.33,66.67
MERCEDES BENS,3,0.0,0.0,0.0,0.0,100.0
MERCEDEZ-BENZ,3,0.0,0.0,0.0,0.0,100.0
MERCZ,3,0.0,0.0,0.0,0.0,100.0
MERECEDES,3,0.0,0.0,33.33,0.0,66.67
METRO TRANSIT,3,0.0,0.0,0.0,33.33,66.67
MG,3,0.0,0.0,0.0,33.33,66.67
MIFU,3,0.0,0.0,0.0,0.0,100.0
MINI COOP,3,0.0,0.0,0.0,0.0,100.0
MITSUBISH,3,0.0,0.0,0.0,0.0,100.0
MITSUBUSHI,3,0.0,0.0,0.0,0.0,100.0
MITZUBISHI,3,0.0,0.0,0.0,33.33,66.67
MOZDA,3,0.0,0.0,0.0,0.0,100.0
MWFL,3,0.0,0.0,0.0,0.0,100.0
NEW FLYER OF AMERICA,3,0.0,0.0,0.0,0.0,100.0
NSSAN,3,0.0,0.0,0.0,0.0,100.0
ORD,3,0.0,0.0,0.0,0.0,100.0
ORI,3,0.0,0.0,0.0,0.0,100.0
PIAGGIO AND VESPA,3,0.0,33.33,33.33,33.33,0.0
PORSCH,3,0.0,0.0,0.0,33.33,66.67
POST OFFICE,3,0.0,0.0,0.0,0.0,100.0
POTIAC,3,0.0,0.0,33.33,0.0,66.67
PRIUS,3,0.0,0.0,0.0,0.0,100.0
RANG ROVER,3,0.0,0.0,0.0,0.0,100.0
RIDE ON RIDE OFF,3,0.0,0.0,0.0,0.0,100.0
ROVER,3,0.0,0.0,0.0,33.33,66.67
SCHOOL BUS,3,0.0,0.0,0.0,0.0,100.0
SILVER,3,0.0,0.0,0.0,0.0,100.0
SME,3,0.0,0.0,0.0,0.0,100.0
SPARTIN,3,0.0,0.0,0.0,0.0,100.0
STARCRAFT,3,0.0,0.0,0.0,0.0,100.0
TH,3,0.0,0.0,0.0,0.0,100.0
THMS BU,3,0.0,0.0,0.0,0.0,100.0
THOMAS BUILT BUSES,3,0.0,0.0,0.0,0.0,100.0
THOMAS BUS CO,3,0.0,0.0,0.0,0.0,100.0
THOMP,3,0.0,0.0,0.0,0.0,100.0
THOMSON,3,0.0,0.0,0.0,0.0,100.0
TK,3,0.0,0.0,0.0,0.0,100.0
TOT,3,0.0,0.0,0.0,33.33,66.67
TOYOAT,3,0.0,0.0,0.0,33.33,66.67
TOYORA,3,0.0,0.0,0.0,0.0,100.0
TOYOTA SCION,3,0.0,0.0,0.0,0.0,100.0
UHAUL,3,0.0,0.0,0.0,33.33,66.67
UNKN,3,0.0,0.0,33.33,0.0,66.67
UNKOWN,3,0.0,0.0,0.0,0.0,100.0
UPS,3,0.0,0.0,0.0,0.0,100.0
UTIL,3,0.0,0.0,0.0,0.0,100.0
VOL,3,0.0,0.0,0.0,0.0,100.0
VOLKSWAG,3,0.0,0.0,0.0,33.33,66.67
VOLS,3,0.0,0.0,33.33,33.33,33.33
VOLTSWAGON,3,0.0,0.0,0.0,0.0,100.0
WRKH,3,0.0,0.0,0.0,0.0,100.0
WSTRG,3,0.0,0.0,0.0,0.0,100.0
YOYOTA,3,0.0,0.0,0.0,0.0,100.0
YUKON,3,0.0,0.0,0.0,0.0,100.0
4D,2,0.0,0.0,0.0,50.0,50.0
ADUI,2,0.0,0.0,0.0,50.0,50.0
ALTIMA,2,0.0,0.0,0.0,0.0,100.0
AMERICAN MOTORS,2,0.0,0.0,0.0,0.0,100.0
ATHEY,2,0.0,0.0,0.0,50.0,50.0
AURA,2,0.0,0.0,0.0,0.0,100.0
BLACK,2,0.0,0.0,0.0,0.0,100.0
BUICL,2,0.0,0.0,0.0,0.0,100.0
BUIK,2,0.0,0.0,0.0,0.0,100.0
CADALLIC,2,0.0,0.0,0.0,0.0,100.0
CASCADIA,2,0.0,0.0,0.0,0.0,100.0
CASE,2,0.0,0.0,0.0,0.0,100.0
CATE,2,0.0,0.0,0.0,0.0,100.0
CEV,2,0.0,0.0,0.0,50.0,50.0
CHE,2,0.0,0.0,0.0,0.0,100.0
CHECROLET,2,0.0,0.0,0.0,0.0,100.0
CHECY,2,0.0,0.0,0.0,0.0,100.0
CHEV.,2,0.0,0.0,0.0,0.0,100.0
CHEVELOT,2,0.0,0.0,50.0,0.0,50.0
CHEVEY,2,0.0,0.0,50.0,0.0,50.0
CHEVORELT,2,0.0,0.0,0.0,0.0,100.0
CHEVR,2,0.0,0.0,0.0,0.0,100.0
CHEVRLOET,2,0.0,0.0,0.0,0.0,100.0
CHEVROELT,2,0.0,0.0,0.0,50.0,50.0
CHEVROLEY,2,0.0,0.0,0.0,0.0,100.0
CHEVROLT,2,0.0,0.0,50.0,0.0,50.0
CHEVVAL2013,2,0.0,0.0,0.0,0.0,100.0
CHEY,2,0.0,0.0,0.0,0.0,100.0
CHONGQING RATO,2,0.0,100.0,0.0,0.0,0.0
CHRSYLER,2,0.0,0.0,0.0,0.0,100.0
CHRVROLET,2,0.0,0.0,0.0,50.0,50.0
CHRYLER,2,0.0,0.0,0.0,0.0,100.0
CHY,2,0.0,50.0,0.0,0.0,50.0
COACHMEN,2,0.0,0.0,0.0,0.0,100.0
CRANE CARRIER,2,0.0,0.0,0.0,0.0,100.0
CRY,2,0.0,0.0,0.0,0.0,100.0
CRYSTLER,2,0.0,0.0,50.0,50.0,0.0
CSX,2,0.0,0.0,0.0,0.0,100.0
DDOGE,2,0.0,0.0,0.0,0.0,100.0
DOD,2,0.0,0.0,0.0,50.0,50.0
DODDGE,2,0.0,0.0,0.0,0.0,100.0
DODGE`,2,0.0,0.0,0.0,0.0,100.0
DOG,2,0.0,0.0,0.0,0.0,100.0
DOGDE,2,0.0,0.0,0.0,0.0,100.0
DOSGE,2,0.0,0.0,0.0,0.0,100.0
ECLIPSE,2,0.0,0.0,0.0,100.0,0.0
ECONOLINE,2,0.0,0.0,0.0,0.0,100.0
ELANTRA,2,0.0,0.0,0.0,0.0,100.0
ERL,2,0.0,0.0,0.0,0.0,100.0
EVOBUS,2,0.0,0.0,0.0,0.0,100.0
EXMARK,2,0.0,0.0,0.0,0.0,100.0
FIRD,2,0.0,0.0,0.0,50.0,50.0
FLASH,2,0.0,0.0,0.0,0.0,100.0
FLEET EQUIPMENT,2,0.0,0.0,0.0,0.0,100.0
FLEETWOOD,2,0.0,0.0,0.0,0.0,100.0
FORDVAL2013,2,0.0,0.0,0.0,0.0,100.0
FORE,2,0.0,0.0,0.0,0.0,100.0
FORF,2,0.0,0.0,0.0,0.0,100.0
FORK,2,0.0,0.0,0.0,0.0,100.0
FRAIGHT LINER,2,0.0,0.0,0.0,0.0,100.0
FREIGHTL,2,0.0,0.0,50.0,0.0,50.0
FREIGHTLIN,2,0.0,0.0,0.0,0.0,100.0
FREIGHTLNR,2,0.0,0.0,0.0,0.0,100.0
FRH,2,0.0,0.0,0.0,0.0,100.0
FRHT BU,2,0.0,0.0,0.0,0.0,100.0
FRHT LINER,2,0.0,0.0,0.0,0.0,100.0
FRHT TK,2,0.0,0.0,0.0,0.0,100.0
FRHTLINER,2,0.0,0.0,0.0,0.0,100.0
FRIEGHT LINER,2,0.0,0.0,0.0,0.0,100.0
FRNT,2,0.0,0.0,0.0,0.0,100.0
FRONTIER,2,0.0,0.0,0.0,0.0,100.0
FRTH,2,0.0,0.0,0.0,0.0,100.0
FTHT,2,0.0,0.0,0.0,0.0,100.0
GDAN,2,0.0,0.0,50.0,0.0,50.0
GENE,2,0.0,0.0,0.0,0.0,100.0
GENERAL ELECTRIC,2,0.0,0.0,0.0,0.0,100.0
GENISIS,2,0.0,0.0,0.0,0.0,100.0
GENU,2,0.0,0.0,50.0,50.0,0.0
GGR,2,0.0,0.0,0.0,0.0,100.0
GILLARD,2,0.0,0.0,0.0,0.0,100.0
GILLI,2,0.0,0.0,0.0,0.0,100.0
GILLIA,2,0.0,0.0,0.0,0.0,100.0
GILLIG LLC,2,0.0,0.0,0.0,0.0,100.0
GILLIGE,2,0.0,0.0,0.0,0.0,100.0
GL,2,0.0,0.0,0.0,0.0,100.0
GOLD,2,0.0,0.0,0.0,0.0,100.0
GRADALL,2,0.0,0.0,0.0,0.0,100.0
GRAY,2,0.0,0.0,0.0,0.0,100.0
GRUNMAN,2,0.0,0.0,0.0,0.0,100.0
H,2,0.0,0.0,0.0,0.0,100.0
HARLEY D,2,0.0,0.0,100.0,0.0,0.0
HARLEY DAV,2,50.0,0.0,50.0,0.0,0.0
HARLEY DAVISON,2,0.0,0.0,100.0,0.0,0.0
HIN,2,0.0,0.0,0.0,0.0,100.0
HIONDA,2,0.0,0.0,0.0,0.0,100.0
HNDA,2,0.0,0.0,0.0,50.0,50.0
HOD,2,0.0,0.0,0.0,0.0,100.0
HOMDA,2,0.0,0.0,0.0,0.0,100.0
HOONDA,2,0.0,0.0,0.0,0.0,100.0
HUN,2,0.0,0.0,0.0,0.0,100.0
HUUNDAI,2,0.0,0.0,0.0,0.0,100.0
HUYANDAI,2,0.0,0.0,0.0,0.0,100.0
HUYNDA,2,0.0,0.0,0.0,50.0,50.0
HYDUNAI,2,0.0,0.0,0.0,0.0,100.0
HYUNADAI,2,0.0,0.0,0.0,50.0,50.0
HYUNDAUI,2,0.0,0.0,0.0,0.0,100.0
IC INTERNATIONAL,2,0.0,0.0,0.0,0.0,100.0
INTEL,2,0.0,0.0,0.0,0.0,100.0
INTL TK,2,0.0,0.0,0.0,0.0,100.0
ISUSU,2,0.0,0.0,50.0,0.0,50.0
JAUG,2,0.0,0.0,0.0,50.0,50.0
JETTA,2,0.0,0.0,0.0,0.0,100.0
JIANGSU,2,0.0,100.0,0.0,0.0,0.0
KAWASKI,2,0.0,0.0,0.0,50.0,50.0
KENT,2,0.0,0.0,0.0,0.0,100.0
KENTWORTH,2,0.0,0.0,0.0,0.0,100.0
KWIK LOAD,2,0.0,0.0,0.0,0.0,100.0
KYMC,2,0.0,0.0,100.0,0.0,0.0
L ROVER,2,0.0,0.0,50.0,0.0,50.0
LANCE,2,0.0,50.0,50.0,0.0,0.0
LANDOVER,2,0.0,0.0,0.0,0.0,100.0
LEXUIS,2,0.0,0.0,0.0,0.0,100.0
LUXUS,2,0.0,0.0,0.0,0.0,100.0
MA,2,0.0,0.0,0.0,0.0,100.0
MARC,2,0.0,0.0,0.0,0.0,100.0
MASERATTI,2,0.0,0.0,0.0,0.0,100.0
MAZDA 5,2,0.0,0.0,0.0,0.0,100.0
MAZDZ,2,0.0,0.0,0.0,50.0,50.0
MBENZ,2,0.0,0.0,0.0,50.0,50.0
MCI TRAILERS,2,0.0,0.0,0.0,0.0,100.0
MECEDES BENZ,2,0.0,0.0,0.0,50.0,50.0
MECURY,2,0.0,0.0,0.0,0.0,100.0
MERCADES,2,0.0,0.0,0.0,0.0,100.0
MERCEDS BENZ,2,0.0,0.0,0.0,0.0,100.0
MERCERDEZ,2,0.0,0.0,0.0,0.0,100.0
METRO TRAILER,2,0.0,0.0,0.0,0.0,100.0
METRO TRAM,2,0.0,0.0,0.0,0.0,100.0
METROBUS,2,0.0,0.0,0.0,0.0,100.0
MISS,2,0.0,0.0,0.0,0.0,100.0
MITSIBUSHI,2,0.0,0.0,0.0,0.0,100.0
MITSUBISI,2,0.0,0.0,0.0,50.0,50.0
MITTS,2,0.0,0.0,50.0,50.0,0.0
MONGOOSE,2,0.0,0.0,50.0,50.0,0.0
MOPED WORLD,2,0.0,0.0,50.0,50.0,0.0
MURCURY,2,0.0,0.0,50.0,0.0,50.0
MUSTANG,2,0.0,0.0,0.0,0.0,100.0
NEO,2,0.0,0.0,0.0,0.0,100.0
NEW FLYE,2,0.0,0.0,0.0,0.0,100.0
NEW FYLER,2,0.0,0.0,0.0,0.0,100.0
NEW HOLLAND,2,0.0,0.0,0.0,0.0,100.0
"NEWFAB, INC.",2,0.0,0.0,0.0,0.0,100.0
NEWFLYR,2,0.0,0.0,0.0,50.0,50.0
NEWVAL2013,2,0.0,0.0,0.0,0.0,100.0
NFWL,2,0.0,0.0,0.0,0.0,100.0
NIISAN,2,0.0,0.0,0.0,0.0,100.0
NIS,2,0.0,0.0,0.0,0.0,100.0
NISSA N,2,0.0,0.0,0.0,50.0,50.0
NISSN,2,0.0,0.0,0.0,0.0,100.0
NOV,2,0.0,0.0,0.0,0.0,100.0
NVAE,2,0.0,0.0,0.0,0.0,100.0
ODB,2,0.0,0.0,0.0,0.0,100.0
OLDMOBILE,2,0.0,0.0,0.0,0.0,100.0
ORIN,2,0.0,0.0,0.0,0.0,100.0
OYOTA,2,0.0,0.0,0.0,50.0,50.0
PEIRCE,2,0.0,0.0,0.0,0.0,100.0
PERM,2,0.0,0.0,0.0,0.0,100.0
PET,2,0.0,0.0,0.0,0.0,100.0
PIAGGIO,2,0.0,0.0,50.0,50.0,0.0
PORSHE,2,0.0,0.0,100.0,0.0,0.0
PROS,2,0.0,0.0,0.0,0.0,100.0
PRTA,2,0.0,0.0,0.0,0.0,100.0
PTB,2,0.0,0.0,50.0,0.0,50.0
RANGEROVER,2,0.0,0.0,0.0,0.0,100.0
SATN,2,0.0,0.0,0.0,0.0,100.0
SCHWINN,2,0.0,0.0,0.0,50.0,50.0
SIENNA,2,0.0,0.0,0.0,0.0,100.0
SMAR,2,0.0,0.0,0.0,50.0,50.0
SONATA,2,0.0,0.0,0.0,0.0,100.0
SPA,2,0.0,0.0,0.0,0.0,100.0
SPAR TK,2,0.0,0.0,0.0,0.0,100.0
SPART,2,0.0,0.0,0.0,0.0,100.0
SPAT,2,0.0,0.0,0.0,0.0,100.0
SPRINTER (DODGE OR F,2,0.0,0.0,0.0,0.0,100.0
SPTN,2,0.0,0.0,0.0,0.0,100.0
SUBARUR,2,0.0,0.0,0.0,0.0,100.0
SUBBARU,2,0.0,0.0,0.0,0.0,100.0
SUBRU,2,0.0,0.0,0.0,0.0,100.0
SUBURBAN,2,0.0,0.0,0.0,0.0,100.0
SUV,2,0.0,0.0,0.0,0.0,100.0
SUZUKI FIVE STAR,2,0.0,0.0,0.0,100.0,0.0
T0YOTA,2,0.0,0.0,0.0,0.0,100.0
TAOT,2,0.0,50.0,0.0,50.0,0.0
THOM BUS,2,0.0,0.0,0.0,0.0,100.0
THOMA,2,0.0,0.0,0.0,0.0,100.0
THOMASS,2,0.0,0.0,0.0,0.0,100.0
THOMSEN,2,0.0,0.0,0.0,0.0,100.0
TORO,2,0.0,0.0,50.0,0.0,50.0
TOTOYTA,2,0.0,0.0,50.0,0.0,50.0
TOYAT,2,0.0,0.0,0.0,0.0,100.0
TOYATA,2,0.0,0.0,50.0,0.0,50.0
TOYATO,2,0.0,0.0,0.0,0.0,100.0
TOYOTO,2,0.0,0.0,50.0,0.0,50.0
TOYOTRA,2,0.0,0.0,0.0,0.0,100.0
TOYOTTA,2,0.0,0.0,0.0,0.0,100.0
TOYOVAL1999,2,0.0,0.0,0.0,0.0,100.0
TOYOVAL2011,2,0.0,0.0,0.0,0.0,100.0
TOYPTA,2,0.0,0.0,50.0,0.0,50.0
TOYYOTA,2,0.0,0.0,0.0,50.0,50.0
TPYOTA,2,0.0,0.0,0.0,0.0,100.0
TRIU,2,0.0,0.0,50.0,0.0,50.0
TRUM,2,0.0,0.0,0.0,0.0,100.0
TSLA,2,0.0,0.0,0.0,0.0,100.0
TTOYOTA,2,0.0,0.0,0.0,0.0,100.0
UDT,2,0.0,0.0,0.0,0.0,100.0
UK,2,0.0,0.0,0.0,0.0,100.0
UNITED STATES,2,0.0,0.0,0.0,0.0,100.0
UNKNOW,2,0.0,0.0,0.0,0.0,100.0
VERSA,2,0.0,0.0,50.0,50.0,0.0
VOKS,2,0.0,0.0,0.0,50.0,50.0
VOKSWAGEN,2,0.0,0.0,0.0,50.0,50.0
VOLK SWAGON,2,0.0,0.0,0.0,100.0,0.0
VOLKESWAGON,2,0.0,0.0,0.0,0.0,100.0
VOLKK,2,0.0,0.0,0.0,0.0,100.0
VOLKS WAGEN,2,0.0,0.0,0.0,0.0,100.0
VOLKSAWAGON,2,0.0,0.0,0.0,0.0,100.0
VOLKSW,2,0.0,0.0,0.0,50.0,50.0
VOLKSWA,2,0.0,0.0,0.0,0.0,100.0
VOLKSWAGEB,2,0.0,0.0,0.0,0.0,100.0
VOLKSWGN,2,0.0,0.0,0.0,0.0,100.0
VOLKWASGEN,2,0.0,0.0,0.0,0.0,100.0
VOLSKWAGON,2,0.0,0.0,0.0,0.0,100.0
VOLSWAGAN,2,0.0,0.0,50.0,0.0,50.0
VOLTS,2,0.0,0.0,0.0,0.0,100.0
VOLVE,2,0.0,0.0,0.0,0.0,100.0
VOVL,2,0.0,0.0,0.0,100.0,0.0
WANC,2,0.0,0.0,0.0,0.0,100.0
WINN,2,0.0,0.0,0.0,0.0,100.0
XXXXX,2,0.0,0.0,0.0,0.0,100.0
ZERO,2,0.0,0.0,50.0,50.0,0.0
ZHONGXING,2,0.0,0.0,100.0,0.0,0.0
-,1,0.0,0.0,0.0,0.0,100.0
00000,1,0.0,0.0,0.0,0.0,100.0
"102 IRONWORKS, INC.",1,0.0,0.0,100.0,0.0,0.0
1D7FL16K04S505648,1,0.0,0.0,0.0,0.0,100.0
1G11B5SL3EF247075,1,0.0,0.0,0.0,0.0,100.0
1G1BE5SM6H7210069,1,0.0,0.0,100.0,0.0,0.0
1HGCR2F87DA167257,1,0.0,0.0,0.0,0.0,100.0
1J4GR48K46C147800,1,0.0,0.0,0.0,0.0,100.0
1N4AL21E97N401924,1,0.0,0.0,0.0,0.0,100.0
1N4CL21E07C237211,1,0.0,0.0,0.0,0.0,100.0
2004,1,0.0,0.0,0.0,0.0,100.0
2011,1,0.0,0.0,0.0,0.0,100.0
2012,1,0.0,0.0,0.0,0.0,100.0
2014,1,0.0,0.0,0.0,100.0,0.0
2015,1,0.0,0.0,0.0,100.0,0.0
280 TRAILERS,1,0.0,0.0,0.0,0.0,100.0
2D,1,0.0,0.0,0.0,0.0,100.0
34P,1,0.0,0.0,0.0,0.0,100.0
3AB2417,1,0.0,0.0,0.0,0.0,100.0
3N1AB7AP8FY306562,1,0.0,0.0,0.0,0.0,100.0
3VWRM71K58M159204,1,0.0,0.0,0.0,0.0,100.0
4400,1,0.0,0.0,0.0,0.0,100.0
4DR,1,0.0,0.0,0.0,0.0,100.0
4S,1,0.0,0.0,100.0,0.0,0.0
4T1BF30K65U094293,1,0.0,0.0,0.0,0.0,100.0
4T1BF3EK0AU523771,1,0.0,0.0,0.0,0.0,100.0
5DC8656,1,0.0,0.0,0.0,0.0,100.0
5FNYF7H90KB004194,1,0.0,0.0,0.0,0.0,100.0
5N1AT2MV9HC830432,1,0.0,0.0,0.0,0.0,100.0
5NMZU3LB7JH071949,1,0.0,0.0,0.0,100.0,0.0
5NPEC4AB5EH926862,1,0.0,0.0,0.0,0.0,100.0
8422631,1,0.0,0.0,0.0,0.0,100.0
99999999,1,0.0,0.0,0.0,0.0,100.0
9CW3693,1,0.0,0.0,0.0,0.0,100.0
A220,1,0.0,0.0,0.0,0.0,100.0
ABY,1,0.0,0.0,0.0,0.0,100.0
ACARA,1,0.0,0.0,0.0,100.0,0.0
ACC,1,0.0,0.0,0.0,100.0,0.0
ACCENT,1,0.0,0.0,0.0,0.0,100.0
ACCORD,1,0.0,0.0,0.0,0.0,100.0
ACCU,1,0.0,0.0,0.0,100.0,0.0
ACEPOWER,1,0.0,0.0,100.0,0.0,0.0
ACRA,1,0.0,0.0,0.0,0.0,100.0
ACUAR,1,0.0,0.0,0.0,0.0,100.0
ACURA MDX,1,0.0,0.0,0.0,0.0,100.0
ACURA STATEFARM,1,0.0,0.0,0.0,0.0,100.0
ACURAMDX,1,0.0,0.0,0.0,0.0,100.0
ACURARDX,1,0.0,0.0,0.0,0.0,100.0
ACURAT,1,0.0,0.0,100.0,0.0,0.0
ACURS,1,0.0,0.0,0.0,0.0,100.0
ADVA,1,0.0,0.0,0.0,0.0,100.0
AGCHEM,1,0.0,0.0,0.0,0.0,100.0
AGUSTA,1,100.0,0.0,0.0,0.0,0.0
AIA,1,0.0,0.0,0.0,100.0,0.0
AL,1,0.0,0.0,0.0,0.0,100.0
ALFA ROMERO,1,0.0,0.0,0.0,0.0,100.0
ALLIED GRUMMAN,1,0.0,0.0,0.0,0.0,100.0
ALPHA,1,0.0,0.0,0.0,0.0,100.0
ALUM,1,0.0,0.0,0.0,100.0,0.0
AMB,1,0.0,0.0,0.0,0.0,100.0
AMBULANCE,1,0.0,0.0,0.0,0.0,100.0
AMC,1,0.0,0.0,0.0,0.0,100.0
AMGN,1,0.0,0.0,0.0,0.0,100.0
AMIGO,1,0.0,0.0,100.0,0.0,0.0
AMTECH,1,0.0,0.0,0.0,0.0,100.0
AMTRAK,1,0.0,0.0,0.0,0.0,100.0
AMTRAK TRAIN 883,1,0.0,0.0,0.0,0.0,100.0
APRILIA,1,0.0,0.0,0.0,0.0,100.0
APRILLA,1,0.0,0.0,0.0,0.0,100.0
ASPHALT,1,0.0,0.0,0.0,0.0,100.0
ASTRO,1,0.0,100.0,0.0,0.0,0.0
ATLAS,1,0.0,0.0,0.0,0.0,100.0
AUCRA,1,0.0,0.0,0.0,0.0,100.0
AUDIVAL2007,1,0.0,0.0,0.0,0.0,100.0
AUFI,1,0.0,0.0,0.0,0.0,100.0
AUIDI,1,0.0,0.0,0.0,0.0,100.0
AUTC,1,0.0,0.0,0.0,0.0,100.0
AUTOCART,1,0.0,0.0,0.0,0.0,100.0
AUTU,1,0.0,0.0,0.0,0.0,100.0
AUVOLVO,1,0.0,0.0,0.0,0.0,100.0
AVENTON BICYCLE,1,0.0,0.0,100.0,0.0,0.0
BAE,1,0.0,0.0,0.0,0.0,100.0
BAHA,1,0.0,0.0,0.0,100.0,0.0
BAJA WARRIOR,1,0.0,0.0,0.0,100.0,0.0
BASHAN,1,0.0,0.0,0.0,100.0,0.0
BC,1,0.0,0.0,0.0,0.0,100.0
BCT,1,0.0,0.0,0.0,0.0,100.0
BEAL,1,0.0,0.0,0.0,0.0,100.0
BENS,1,0.0,0.0,0.0,0.0,100.0
BENT,1,0.0,0.0,0.0,0.0,100.0
BENTLY,1,0.0,0.0,0.0,0.0,100.0
BERI,1,0.0,0.0,0.0,0.0,100.0
BERK,1,0.0,0.0,0.0,0.0,100.0
BIGBOY,1,0.0,0.0,100.0,0.0,0.0
BIGTEX,1,0.0,0.0,0.0,0.0,100.0
BIKE,1,0.0,0.0,0.0,100.0,0.0
BLBI,1,0.0,0.0,0.0,0.0,100.0
BLUB,1,0.0,0.0,0.0,0.0,100.0
BM,1,0.0,0.0,0.0,0.0,100.0
BME,1,0.0,0.0,0.0,0.0,100.0
BMMW,1,0.0,0.0,0.0,0.0,100.0
BMV,1,0.0,0.0,0.0,0.0,100.0
BMW 4S,1,0.0,0.0,0.0,0.0,100.0
BOB CAT,1,0.0,0.0,0.0,0.0,100.0
BORN,1,0.0,0.0,0.0,0.0,100.0
BOUND,1,0.0,0.0,0.0,0.0,100.0
BOX,1,0.0,0.0,0.0,0.0,100.0
BRIGHTDROP,1,0.0,0.0,0.0,0.0,100.0
BRINKS TRUCK,1,0.0,0.0,0.0,0.0,100.0
BRONCO,1,0.0,0.0,100.0,0.0,0.0
BTM,1,0.0,0.0,0.0,0.0,100.0
BTU,1,0.0,0.0,0.0,0.0,100.0
BUELL,1,0.0,0.0,100.0,0.0,0.0
BUICCK,1,0.0,0.0,0.0,0.0,100.0
BUICK L,1,0.0,0.0,0.0,0.0,100.0
BUICKE,1,0.0,0.0,0.0,0.0,100.0
BUSH TRAILER,1,0.0,0.0,0.0,0.0,100.0
BUSSCAR,1,0.0,0.0,0.0,0.0,100.0
BW,1,0.0,0.0,0.0,0.0,100.0
C&C INDUSTRIES INC.,1,0.0,0.0,0.0,0.0,100.0
C-HR,1,0.0,0.0,0.0,0.0,100.0
CABO,1,0.0,0.0,0.0,100.0,0.0
CADALIC,1,0.0,0.0,0.0,0.0,100.0
CADALLAC,1,0.0,0.0,0.0,0.0,100.0
CADDILAC,1,0.0,0.0,0.0,100.0,0.0
CADILACC,1,0.0,0.0,100.0,0.0,0.0
CADILLA,1,0.0,0.0,0.0,0.0,100.0
CADILLIC,1,0.0,0.0,0.0,0.0,100.0
CAMA,1,0.0,0.0,0.0,0.0,100.0
CANA,1,0.0,0.0,100.0,0.0,0.0
CANNONDALE,1,0.0,0.0,0.0,100.0,0.0
CAON,1,0.0,0.0,0.0,0.0,100.0
CAPITAL BIKESHARE,1,0.0,0.0,100.0,0.0,0.0
CARO,1,0.0,0.0,0.0,0.0,100.0
CARR,1,0.0,0.0,0.0,0.0,100.0
CC,1,0.0,0.0,100.0,0.0,0.0
CCG,1,0.0,0.0,0.0,0.0,100.0
CDI,1,0.0,0.0,0.0,0.0,100.0
CEHEVROLET,1,0.0,0.0,0.0,0.0,100.0
CEHV,1,0.0,0.0,0.0,100.0,0.0
CEHVORLET,1,0.0,100.0,0.0,0.0,0.0
CEHVY,1,0.0,0.0,0.0,0.0,100.0
CEVROLET,1,0.0,0.0,0.0,0.0,100.0
CEVY,1,0.0,0.0,0.0,0.0,100.0
CFMOTO,1,0.0,0.0,100.0,0.0,0.0
CGEVROLET,1,0.0,0.0,0.0,100.0,0.0
CGHRUSYLER,1,0.0,0.0,100.0,0.0,0.0
CHAVROLET,1,0.0,0.0,0.0,0.0,100.0
CHEROKEE,1,0.0,0.0,0.0,0.0,100.0
CHERVEOLET,1,0.0,0.0,0.0,0.0,100.0
CHERVERLET,1,0.0,0.0,0.0,0.0,100.0
CHERVEROLET,1,0.0,0.0,0.0,0.0,100.0
CHEVERLET,1,0.0,0.0,0.0,0.0,100.0
CHEVERLOET,1,0.0,0.0,0.0,0.0,100.0
CHEVEROLRT,1,0.0,0.0,0.0,0.0,100.0
CHEVOROLET,1,0.0,0.0,0.0,0.0,100.0
CHEVRO,1,0.0,0.0,0.0,0.0,100.0
CHEVROLE,1,0.0,0.0,0.0,100.0,0.0
CHEVROLEET,1,0.0,0.0,0.0,0.0,100.0
CHEVROLETT,1,0.0,0.0,0.0,0.0,100.0
CHEVROLETTE,1,0.0,0.0,0.0,0.0,100.0
CHEVROLTE,1,0.0,0.0,0.0,0.0,100.0
CHEVROLTER,1,0.0,0.0,0.0,0.0,100.0
CHEVROTLET,1,0.0,0.0,0.0,0.0,100.0
CHEVU,1,0.0,0.0,0.0,0.0,100.0
CHEVUY,1,0.0,0.0,0.0,100.0,0.0
CHEVVAL1995,1,0.0,0.0,0.0,0.0,100.0
CHEVVAL2010,1,0.0,0.0,0.0,0.0,100.0
CHEVVAL2014,1,0.0,0.0,0.0,0.0,100.0
CHEVY ?,1,0.0,0.0,0.0,0.0,100.0
CHEVY4DR,1,0.0,0.0,0.0,0.0,100.0
CHEYV,1,0.0,0.0,0.0,0.0,100.0
CHHRY,1,0.0,0.0,0.0,0.0,100.0
CHREVROLET,1,0.0,0.0,0.0,0.0,100.0
CHRIMSON,1,0.0,0.0,0.0,0.0,100.0
CHRISLER,1,0.0,0.0,0.0,0.0,100.0
CHRLSLER,1,0.0,0.0,0.0,0.0,100.0
CHRV,1,0.0,0.0,0.0,0.0,100.0
CHRVY,1,0.0,0.0,0.0,0.0,100.0
CHRYESLER,1,0.0,0.0,0.0,0.0,100.0
CHRYLS,1,0.0,0.0,0.0,0.0,100.0
CHRYLSLER,1,0.0,0.0,0.0,0.0,100.0
CHRYSELER,1,0.0,0.0,0.0,100.0,0.0
CHRYSER,1,0.0,0.0,0.0,0.0,100.0
CHRYSLE,1,0.0,0.0,0.0,0.0,100.0
CHRYSLERER,1,0.0,0.0,0.0,0.0,100.0
CHRYSLR,1,0.0,0.0,0.0,0.0,100.0
CHRYST,1,0.0,0.0,0.0,0.0,100.0
CHRYVAL2008,1,0.0,0.0,0.0,0.0,100.0
CHTY,1,0.0,0.0,100.0,0.0,0.0
CHTYS,1,0.0,0.0,100.0,0.0,0.0
CHYSTLER,1,0.0,0.0,0.0,100.0,0.0
CILL,1,0.0,0.0,0.0,0.0,100.0
CITY,1,0.0,0.0,0.0,0.0,100.0
CLEAR,1,0.0,0.0,0.0,100.0,0.0
CLUB CAR,1,0.0,0.0,0.0,0.0,100.0
CNG TRANSIT,1,0.0,0.0,0.0,0.0,100.0
COBRA,1,0.0,100.0,0.0,0.0,0.0
COLEMAN,1,0.0,0.0,100.0,0.0,0.0
COLKSWAGEN,1,0.0,0.0,0.0,0.0,100.0
COLVO,1,0.0,0.0,0.0,0.0,100.0
COMMERCIAL,1,0.0,0.0,0.0,0.0,100.0
CORV,1,0.0,0.0,0.0,0.0,100.0
CORVETTE,1,0.0,0.0,0.0,0.0,100.0
COX,1,0.0,0.0,100.0,0.0,0.0
CRAINE CARRIER,1,0.0,0.0,0.0,0.0,100.0
CRANE CARRIER CORP,1,0.0,0.0,0.0,0.0,100.0
CRIMSON FIRE,1,0.0,0.0,0.0,0.0,100.0
CROWN,1,0.0,0.0,0.0,0.0,100.0
CRV,1,0.0,0.0,0.0,0.0,100.0
CUB CADET,1,0.0,0.0,0.0,0.0,100.0
CURA,1,0.0,0.0,0.0,0.0,100.0
CVEVROLET,1,0.0,0.0,0.0,0.0,100.0
CXN612,1,0.0,0.0,0.0,0.0,100.0
CYRYSLER,1,0.0,0.0,0.0,0.0,100.0
DADGE,1,0.0,0.0,0.0,0.0,100.0
DAEWOOD,1,0.0,0.0,0.0,0.0,100.0
DAIM,1,0.0,0.0,0.0,0.0,100.0
DAIMERLER,1,0.0,0.0,0.0,0.0,100.0
DAODGE,1,0.0,0.0,0.0,0.0,100.0
DATS,1,0.0,0.0,0.0,0.0,100.0
DATSUN,1,0.0,0.0,0.0,0.0,100.0
DC METRO,1,0.0,0.0,0.0,0.0,100.0
DE4,1,0.0,0.0,0.0,0.0,100.0
DIAMOND,1,0.0,0.0,0.0,0.0,100.0
DIAT,1,0.0,0.0,0.0,0.0,100.0
DIESEL TRACTOR,1,0.0,0.0,0.0,0.0,100.0
DIESEL URBAN TRANSIT,1,0.0,0.0,0.0,0.0,100.0
DOAGE,1,0.0,0.0,0.0,0.0,100.0
DODE,1,0.0,0.0,0.0,0.0,100.0
DODG3,1,0.0,0.0,0.0,0.0,100.0
DODGDE,1,0.0,0.0,0.0,0.0,100.0
DODGE SUV,1,0.0,0.0,0.0,0.0,100.0
DODGEQ,1,0.0,0.0,100.0,0.0,0.0
DODGGE,1,0.0,0.0,0.0,0.0,100.0
DODGVAL2013,1,0.0,0.0,0.0,0.0,100.0
DODOGE,1,0.0,0.0,0.0,0.0,100.0
DOGDGE,1,0.0,0.0,0.0,0.0,100.0
DOIDGE,1,0.0,0.0,0.0,0.0,100.0
DONG FANG,1,0.0,0.0,100.0,0.0,0.0
DONGGUAN TAILING ELE,1,0.0,0.0,0.0,0.0,100.0
DOOSAN,1,0.0,0.0,0.0,0.0,100.0
DORSEY,1,0.0,0.0,0.0,0.0,100.0
DUBARU,1,0.0,0.0,0.0,0.0,100.0
DUMP,1,0.0,0.0,0.0,0.0,100.0
DUMP TRUCK,1,0.0,0.0,0.0,0.0,100.0
DUMPTRUCK,1,0.0,0.0,0.0,0.0,100.0
E,1,0.0,0.0,0.0,0.0,100.0
E ONE,1,0.0,0.0,0.0,0.0,100.0
E Z RYDER MOTOR,1,0.0,0.0,100.0,0.0,0.0
E250,1,0.0,0.0,100.0,0.0,0.0
EADG,1,0.0,0.0,0.0,0.0,100.0
EAHORA,1,0.0,0.0,100.0,0.0,0.0
EBIKEWHOLESALE,1,0.0,0.0,0.0,0.0,100.0
ED4,1,0.0,0.0,0.0,0.0,100.0
EDGE,1,0.0,0.0,0.0,100.0,0.0
ELDO BUS,1,0.0,0.0,0.0,0.0,100.0
EMER,1,0.0,0.0,0.0,0.0,100.0
EMERGENCY,1,0.0,0.0,0.0,0.0,100.0
EMERGENCY ONE,1,0.0,0.0,0.0,0.0,100.0
EMR,1,0.0,0.0,0.0,0.0,100.0
ENGINE CONNECTION,1,0.0,0.0,0.0,100.0,0.0
EPD,1,0.0,0.0,0.0,0.0,100.0
ERIE,1,0.0,0.0,0.0,0.0,100.0
ES350,1,0.0,0.0,0.0,0.0,100.0
ESCALADE,1,0.0,0.0,0.0,0.0,100.0
EXCAVATOR,1,0.0,0.0,0.0,0.0,100.0
EXPLORER,1,0.0,0.0,0.0,100.0,0.0
EZ GO,1,0.0,100.0,0.0,0.0,0.0
EZIP,1,0.0,0.0,100.0,0.0,0.0
F0RD,1,0.0,0.0,0.0,0.0,100.0
F150,1,0.0,0.0,0.0,0.0,100.0
F250,1,0.0,0.0,0.0,0.0,100.0
F550,1,0.0,0.0,0.0,0.0,100.0
FALCON,1,0.0,0.0,0.0,100.0,0.0
FARMALL,1,0.0,100.0,0.0,0.0,0.0
FBU,1,0.0,0.0,0.0,0.0,100.0
FCA US,1,0.0,0.0,0.0,0.0,100.0
FEIGHT,1,0.0,0.0,0.0,0.0,100.0
FERR,1,0.0,0.0,0.0,0.0,100.0
FGHT,1,0.0,0.0,0.0,0.0,100.0
FHRT,1,0.0,0.0,0.0,0.0,100.0
FIRETRUCK,1,0.0,0.0,0.0,0.0,100.0
FISKER,1,0.0,0.0,0.0,0.0,100.0
FLT,1,0.0,0.0,0.0,0.0,100.0
FLUID,1,0.0,100.0,0.0,0.0,0.0
FM,1,0.0,0.0,0.0,0.0,100.0
FO,1,0.0,0.0,0.0,0.0,100.0
FOCUS,1,0.0,0.0,0.0,0.0,100.0
FONTAINE,1,0.0,0.0,0.0,0.0,100.0
FOOD,1,0.0,0.0,0.0,0.0,100.0
FOORD,1,0.0,0.0,0.0,0.0,100.0
FORD BUS,1,0.0,0.0,0.0,0.0,100.0
FORD MOTOR,1,0.0,0.0,0.0,0.0,100.0
FORD TK,1,0.0,0.0,0.0,0.0,100.0
FORD UTILIMASTER,1,0.0,0.0,0.0,100.0,0.0
FORD/GOSHEN,1,0.0,0.0,0.0,0.0,100.0
FORD/UTILIMASTER,1,0.0,0.0,0.0,0.0,100.0
FORDBE,1,0.0,0.0,0.0,0.0,100.0
FORDD,1,0.0,0.0,0.0,0.0,100.0
FORDE,1,0.0,0.0,0.0,0.0,100.0
FORDQ,1,0.0,0.0,0.0,0.0,100.0
FORDVAL2007,1,0.0,0.0,0.0,0.0,100.0
FORDVAL2012,1,0.0,0.0,0.0,0.0,100.0
FORDVAL2014,1,0.0,0.0,0.0,0.0,100.0
FORD`,1,0.0,0.0,0.0,0.0,100.0
FORESTER,1,0.0,0.0,0.0,0.0,100.0
FORN,1,0.0,0.0,0.0,0.0,100.0
FORTE,1,0.0,0.0,0.0,0.0,100.0
FPRD,1,0.0,0.0,0.0,0.0,100.0
FRACO PRODUCTS LTD,1,0.0,0.0,0.0,0.0,100.0
FRAIGHT,1,0.0,0.0,0.0,0.0,100.0
FRD,1,0.0,0.0,0.0,0.0,100.0
FREDI,1,0.0,0.0,0.0,0.0,100.0
FREGHT,1,0.0,0.0,0.0,0.0,100.0
FREI TK,1,0.0,0.0,0.0,0.0,100.0
FREIG,1,0.0,0.0,0.0,0.0,100.0
FREIGHLINE,1,0.0,0.0,0.0,100.0,0.0
FREIGHLINER CORP,1,0.0,0.0,0.0,0.0,100.0
FREIGHT BUS,1,0.0,0.0,0.0,0.0,100.0
FREIGHT DS,1,0.0,0.0,0.0,0.0,100.0
FREIGHT LINNER,1,0.0,0.0,0.0,0.0,100.0
FREIGHT LNR,1,0.0,0.0,0.0,0.0,100.0
FREIGHT TRK,1,0.0,0.0,0.0,0.0,100.0
FREIGHTLINER BUS,1,0.0,0.0,0.0,0.0,100.0
FREIGHTLINER M2,1,0.0,0.0,0.0,0.0,100.0
FREIGHTLINERS,1,0.0,0.0,0.0,0.0,100.0
FREIGHTLINGER,1,0.0,0.0,0.0,0.0,100.0
FREIGHTLINR,1,0.0,0.0,0.0,0.0,100.0
FREIGHTLNER,1,0.0,0.0,0.0,0.0,100.0
FREIGTHLINER,1,0.0,0.0,0.0,0.0,100.0
FREITLINER,1,0.0,0.0,0.0,0.0,100.0
FRET,1,0.0,0.0,0.0,0.0,100.0
FRGH,1,0.0,0.0,0.0,0.0,100.0
FRGT,1,0.0,0.0,0.0,0.0,100.0
FRHT (CHASSIS/THOMAS,1,0.0,0.0,0.0,0.0,100.0
FRHT LNR,1,0.0,0.0,0.0,0.0,100.0
FRHT-THOMAS,1,0.0,0.0,0.0,0.0,100.0
FRIEGHTLINERQQ,1,0.0,0.0,0.0,0.0,100.0
FRIEIGHTLINER,1,0.0,0.0,0.0,0.0,100.0
FRIESEN TRAILERS,1,0.0,0.0,0.0,0.0,100.0
FRIESEN WELDING,1,0.0,0.0,0.0,0.0,100.0
FRIG,1,0.0,0.0,0.0,0.0,100.0
FRIGHTLINE,1,0.0,0.0,0.0,0.0,100.0
FRISKER,1,0.0,0.0,100.0,0.0,0.0
FRLI,1,0.0,0.0,0.0,0.0,100.0
FRONTLINER,1,0.0,0.0,0.0,0.0,100.0
FRT LINER,1,0.0,0.0,0.0,0.0,100.0
FRT TRUCK,1,0.0,0.0,0.0,0.0,100.0
FRUETEL,1,0.0,0.0,0.0,0.0,100.0
GARMIN,1,0.0,0.0,0.0,0.0,100.0
GATO,1,0.0,100.0,0.0,0.0,0.0
GATOR,1,0.0,0.0,0.0,100.0,0.0
GEN,1,0.0,0.0,0.0,0.0,100.0
GENERAL MOTORS CORPO,1,0.0,0.0,0.0,0.0,100.0
GENIE,1,0.0,0.0,0.0,0.0,100.0
GENRAL MOTORS,1,0.0,0.0,0.0,0.0,100.0
GENSIS,1,0.0,0.0,0.0,0.0,100.0
GENUINE,1,0.0,0.0,100.0,0.0,0.0
GENUINE SCOOTER COMP,1,0.0,0.0,100.0,0.0,0.0
GENUINE SCOOTERS,1,0.0,0.0,100.0,0.0,0.0
GGILLIG,1,0.0,0.0,0.0,0.0,100.0
GIILIAM,1,0.0,0.0,100.0,0.0,0.0
GILDEN,1,0.0,0.0,0.0,0.0,100.0
GILG BUS,1,0.0,0.0,0.0,0.0,100.0
GILGIN,1,0.0,0.0,0.0,0.0,100.0
GILILG,1,0.0,0.0,0.0,0.0,100.0
GILIQBUS,1,0.0,0.0,0.0,0.0,100.0
GILL BLU,1,0.0,0.0,0.0,0.0,100.0
GILL HWY,1,0.0,0.0,0.0,0.0,100.0
GILL HY,1,0.0,0.0,0.0,0.0,100.0
GILL.,1,0.0,0.0,0.0,0.0,100.0
GILLAM,1,0.0,0.0,0.0,0.0,100.0
GILLAN,1,0.0,0.0,0.0,0.0,100.0
GILLET,1,0.0,0.0,0.0,0.0,100.0
GILLIB,1,0.0,0.0,0.0,0.0,100.0
GILLID,1,0.0,0.0,0.0,0.0,100.0
GILLILAND,1,0.0,0.0,0.0,0.0,100.0
GILLILG,1,0.0,0.0,0.0,0.0,100.0
GILLIM,1,0.0,0.0,0.0,0.0,100.0
GILLING,1,0.0,0.0,0.0,0.0,100.0
GILLIO,1,0.0,0.0,0.0,0.0,100.0
GILLIT,1,0.0,0.0,0.0,0.0,100.0
GILLLIG,1,0.0,0.0,0.0,0.0,100.0
GILLLIG BU,1,0.0,0.0,0.0,0.0,100.0
GILLMAN,1,0.0,0.0,0.0,0.0,100.0
GILLS,1,0.0,0.0,0.0,0.0,100.0
GIUIG,1,0.0,0.0,0.0,0.0,100.0
GLAVAL,1,0.0,0.0,0.0,0.0,100.0
GLLIG,1,0.0,0.0,0.0,0.0,100.0
GMC/CHEVY,1,0.0,0.0,0.0,0.0,100.0
GMV,1,0.0,0.0,0.0,0.0,100.0
GOLF,1,0.0,0.0,0.0,0.0,100.0
GOLF STREAM,1,0.0,0.0,0.0,0.0,100.0
GOSHEN,1,0.0,0.0,0.0,0.0,100.0
GR,1,0.0,0.0,0.0,0.0,100.0
GRAND,1,0.0,0.0,0.0,100.0,0.0
GREAT DANE,1,0.0,0.0,0.0,0.0,100.0
GREEN,1,0.0,0.0,0.0,100.0,0.0
GREEN POWER,1,0.0,0.0,100.0,0.0,0.0
GREIGHTLINER,1,0.0,0.0,0.0,0.0,100.0
GRHT,1,0.0,0.0,0.0,0.0,100.0
GRIFFITH CHOPPERS,1,0.0,0.0,0.0,0.0,100.0
GRILL,1,0.0,0.0,0.0,0.0,100.0
GRUMIN,1,0.0,0.0,100.0,0.0,0.0
GRUMMAN LLV,1,0.0,0.0,0.0,0.0,100.0
GRUMMAN OLSEN,1,0.0,0.0,0.0,0.0,100.0
GRUMMAN/GMC,1,0.0,0.0,0.0,0.0,100.0
GRUMMLV,1,0.0,0.0,0.0,0.0,100.0
GRUMMON OLSEN,1,0.0,0.0,0.0,0.0,100.0
GRUMMUN,1,0.0,0.0,0.0,0.0,100.0
GRUNM,1,0.0,0.0,0.0,0.0,100.0
GUILLIG,1,0.0,0.0,0.0,0.0,100.0
GULLIG,1,0.0,0.0,0.0,0.0,100.0
GWG,1,0.0,0.0,0.0,0.0,100.0
H&H,1,0.0,0.0,0.0,0.0,100.0
H3,1,0.0,0.0,0.0,0.0,100.0
HANDA,1,0.0,0.0,100.0,0.0,0.0
HAR DAVIDSON,1,0.0,0.0,0.0,0.0,100.0
HARDLEY DAVIDSON,1,0.0,0.0,100.0,0.0,0.0
HARL D,1,0.0,100.0,0.0,0.0,0.0
HARLE DAVIDSON,1,0.0,0.0,100.0,0.0,0.0
HARLEY DA,1,0.0,0.0,100.0,0.0,0.0
HARLEY DAVIDIOSN,1,0.0,0.0,100.0,0.0,0.0
HARLEY DAVINSON,1,0.0,0.0,0.0,100.0,0.0
HARLEY-DAVIDS,1,0.0,0.0,100.0,0.0,0.0
HARLEYDAVIDSON,1,0.0,0.0,100.0,0.0,0.0
HARLY DAVIDSON,1,0.0,0.0,0.0,0.0,100.0
HDAIYUN,1,0.0,0.0,0.0,0.0,100.0
HEEP,1,0.0,0.0,0.0,0.0,100.0
HENO,1,0.0,0.0,0.0,0.0,100.0
HESSE,1,0.0,0.0,0.0,0.0,100.0
HHONDA,1,0.0,0.0,0.0,0.0,100.0
HHYUNDIA,1,0.0,0.0,0.0,0.0,100.0
HIN0,1,0.0,0.0,0.0,0.0,100.0
HIRSCHBACH,1,0.0,0.0,0.0,0.0,100.0
HIUNDAI,1,0.0,0.0,0.0,0.0,100.0
HIUNDAY,1,0.0,0.0,100.0,0.0,0.0
HMDE,1,0.0,0.0,0.0,0.0,100.0
HNO,1,0.0,0.0,0.0,0.0,100.0
HO,1,0.0,0.0,0.0,0.0,100.0
HOINDA,1,0.0,0.0,0.0,0.0,100.0
HOL-MAC,1,0.0,0.0,0.0,0.0,100.0
HOMD,1,0.0,0.0,0.0,0.0,100.0
HON DA,1,0.0,0.0,0.0,0.0,100.0
HONAD,1,0.0,0.0,0.0,0.0,100.0
HONADA,1,0.0,0.0,0.0,0.0,100.0
HONDA OR TOYOTA,1,0.0,0.0,0.0,0.0,100.0
HONDA952,1,0.0,0.0,0.0,0.0,100.0
HONDAA,1,0.0,0.0,0.0,0.0,100.0
HONDAI,1,0.0,0.0,0.0,0.0,100.0
HONDAP,1,0.0,0.0,0.0,0.0,100.0
HONDAQ,1,0.0,0.0,0.0,0.0,100.0
HONDAT,1,0.0,0.0,0.0,0.0,100.0
HONDD,1,0.0,0.0,0.0,0.0,100.0
HONDM,1,0.0,0.0,0.0,0.0,100.0
HONDQ,1,0.0,0.0,0.0,0.0,100.0
HONDRA,1,0.0,0.0,0.0,100.0,0.0
HONDVA,1,0.0,0.0,0.0,0.0,100.0
HONDVAL1992,1,0.0,0.0,0.0,0.0,100.0
HONDVAL2000,1,0.0,0.0,0.0,0.0,100.0
HONDVAL2005,1,0.0,0.0,0.0,0.0,100.0
HONDVAL2006,1,0.0,0.0,0.0,0.0,100.0
HONNDA,1,0.0,0.0,0.0,0.0,100.0
HORTON EMERGENCY,1,0.0,0.0,0.0,0.0,100.0
HOVERBOARD,1,0.0,0.0,0.0,100.0,0.0
HPNDA,1,0.0,0.0,0.0,0.0,100.0
HRTN,1,0.0,0.0,0.0,0.0,100.0
HT,1,0.0,0.0,0.0,0.0,100.0
HUND,1,0.0,0.0,0.0,0.0,100.0
HUNDA,1,0.0,0.0,0.0,0.0,100.0
HUNDI,1,0.0,0.0,0.0,100.0,0.0
HUNYDAI,1,0.0,0.0,0.0,0.0,100.0
HUSQ,1,0.0,0.0,0.0,0.0,100.0
HUYNDIA,1,0.0,0.0,0.0,0.0,100.0
HUZH,1,0.0,0.0,0.0,100.0,0.0
HY8UNDAI,1,0.0,0.0,0.0,100.0,0.0
HYANDI,1,0.0,0.0,0.0,0.0,100.0
HYBRID NEW FLYER,1,0.0,0.0,0.0,0.0,100.0
HYBRID TRANSIT,1,0.0,0.0,0.0,0.0,100.0
HYD,1,0.0,0.0,0.0,0.0,100.0
HYINDAI,1,0.0,0.0,0.0,0.0,100.0
HYNDI,1,0.0,0.0,0.0,0.0,100.0
HYNDUAI,1,0.0,0.0,0.0,0.0,100.0
HYOSUN,1,0.0,0.0,0.0,0.0,100.0
HYTR,1,0.0,0.0,0.0,0.0,100.0
HYTR BTM,1,0.0,0.0,0.0,0.0,100.0
HYUD,1,0.0,0.0,0.0,0.0,100.0
HYUN/HON,1,0.0,0.0,0.0,0.0,100.0
HYUNADI,1,0.0,0.0,0.0,0.0,100.0
HYUNDY,1,0.0,0.0,0.0,0.0,100.0
HYUNDYA,1,0.0,0.0,0.0,0.0,100.0
HYUNUDAI,1,0.0,0.0,0.0,0.0,100.0
HYUNUNDAI,1,0.0,0.0,0.0,0.0,100.0
HYUNVAL1999,1,0.0,0.0,0.0,0.0,100.0
HYUNVAL2008,1,0.0,0.0,100.0,0.0,0.0
HYUUD,1,0.0,0.0,0.0,0.0,100.0
HYUUNDAI,1,0.0,0.0,0.0,0.0,100.0
IC BU,1,0.0,0.0,0.0,0.0,100.0
IC CORPORA,1,0.0,0.0,0.0,0.0,100.0
ICBUS,1,0.0,0.0,0.0,0.0,100.0
ICC,1,0.0,0.0,0.0,0.0,100.0
ICRB,1,0.0,0.0,0.0,0.0,100.0
IHON,1,0.0,0.0,0.0,0.0,100.0
INDIAN,1,0.0,0.0,0.0,0.0,100.0
INEOS,1,0.0,0.0,0.0,0.0,100.0
INER,1,0.0,0.0,0.0,0.0,100.0
INFIINITY,1,0.0,0.0,0.0,100.0,0.0
INFINITIG,1,0.0,0.0,0.0,0.0,100.0
INFINITIY,1,0.0,0.0,0.0,0.0,100.0
INFINITU,1,0.0,0.0,0.0,0.0,100.0
INFITY,1,0.0,0.0,0.0,0.0,100.0
INFIVAL2014,1,0.0,0.0,0.0,0.0,100.0
INIF,1,0.0,0.0,0.0,0.0,100.0
ININITY,1,0.0,0.0,0.0,0.0,100.0
INTECH TRAILERS,1,0.0,0.0,0.0,0.0,100.0
INTERCHANGEABLE,1,0.0,0.0,0.0,0.0,100.0
INTERCONTENTAL,1,0.0,0.0,0.0,0.0,100.0
INTERNAIONAL,1,0.0,0.0,0.0,0.0,100.0
INTERNAT'L,1,0.0,0.0,0.0,0.0,100.0
INTERNATINOAL,1,0.0,0.0,0.0,0.0,100.0
INTERNATIOAL,1,0.0,0.0,0.0,0.0,100.0
INTERNATIONAL / HV,1,0.0,0.0,0.0,0.0,100.0
INTERNATIONAL HRVST,1,0.0,0.0,0.0,0.0,100.0
INTERNATIONALTK,1,0.0,0.0,0.0,0.0,100.0
INTL TRUCK,1,0.0,0.0,0.0,0.0,100.0
INTN,1,0.0,0.0,0.0,0.0,100.0
INTR,1,0.0,0.0,0.0,0.0,100.0
INTW,1,0.0,0.0,0.0,0.0,100.0
ION,1,0.0,0.0,0.0,0.0,100.0
IR,1,0.0,0.0,0.0,100.0,0.0
ISLANDER,1,0.0,100.0,0.0,0.0,0.0
ISUKU,1,0.0,0.0,0.0,0.0,100.0
ISUZI,1,0.0,0.0,0.0,0.0,100.0
ISUZIU,1,0.0,0.0,0.0,0.0,100.0
IZSU,1,0.0,0.0,0.0,0.0,100.0
JAGAUR,1,0.0,0.0,0.0,0.0,100.0
JAGUARS,1,0.0,0.0,0.0,0.0,100.0
JAJUAR,1,0.0,0.0,0.0,0.0,100.0
JCB,1,0.0,0.0,0.0,0.0,100.0
JEDEP,1,0.0,0.0,0.0,0.0,100.0
JEEB,1,0.0,0.0,0.0,0.0,100.0
JEEEP,1,0.0,0.0,100.0,0.0,0.0
JEEF,1,0.0,0.0,0.0,0.0,100.0
JEEO,1,0.0,0.0,0.0,0.0,100.0
JEEPGN,1,0.0,0.0,0.0,0.0,100.0
JEEPVAL2013,1,0.0,0.0,0.0,0.0,100.0
JEP,1,0.0,0.0,0.0,0.0,100.0
JEPP,1,0.0,0.0,0.0,0.0,100.0
JF2SKAJC7LH602192,1,0.0,0.0,0.0,0.0,100.0
JH4CU4F63AC002568,1,0.0,0.0,0.0,100.0,0.0
JIA,1,0.0,0.0,0.0,0.0,100.0
JLG,1,0.0,0.0,0.0,0.0,100.0
JMST,1,0.0,0.0,0.0,0.0,100.0
JN1DA31A33T420705,1,0.0,0.0,0.0,0.0,100.0
JN8AZ2NE1H9159504,1,0.0,0.0,0.0,0.0,100.0
JOHN,1,0.0,0.0,0.0,0.0,100.0
JOHN TREE,1,0.0,0.0,0.0,0.0,100.0
JONDA,1,0.0,0.0,0.0,0.0,100.0
JONWAY,1,0.0,0.0,0.0,100.0,0.0
JTDEPRAEXLJ110150,1,0.0,0.0,0.0,0.0,100.0
JTMP1RFVXKJ007506,1,0.0,0.0,0.0,0.0,100.0
JUICE,1,0.0,0.0,100.0,0.0,0.0
JWWP,1,0.0,0.0,0.0,0.0,100.0
K.W.,1,0.0,0.0,0.0,0.0,100.0
KABOTA,1,0.0,0.0,0.0,0.0,100.0
KABUTO,1,0.0,0.0,0.0,0.0,100.0
KAWALSKI,1,0.0,0.0,0.0,100.0,0.0
KAWAZAKI,1,0.0,0.0,0.0,100.0,0.0
KAWKISKI,1,0.0,100.0,0.0,0.0,0.0
KAYO,1,0.0,0.0,0.0,100.0,0.0
KEMPF,1,0.0,0.0,0.0,0.0,100.0
KEMWORTH,1,0.0,0.0,0.0,0.0,100.0
KENDALL TRAILER MFG.,1,0.0,0.0,0.0,0.0,100.0
KENEWORTH,1,0.0,0.0,0.0,0.0,100.0
KENILWOTH,1,0.0,0.0,0.0,0.0,100.0
KENNELWORTH,1,0.0,0.0,0.0,0.0,100.0
KENNILWORTH,1,0.0,0.0,0.0,0.0,100.0
KENNWORTH,1,0.0,0.0,0.0,0.0,100.0
KENOWORTH,1,0.0,0.0,0.0,0.0,100.0
KENWTH,1,0.0,0.0,0.0,0.0,100.0
KID,1,0.0,0.0,0.0,0.0,100.0
KIS,1,0.0,0.0,0.0,0.0,100.0
KISA,1,0.0,0.0,100.0,0.0,0.0
KL79MNSL8MB011853,1,0.0,0.0,0.0,0.0,100.0
KMHD74LF1HU336535,1,0.0,0.0,0.0,0.0,100.0
KMHDN46D55U073638,1,0.0,0.0,0.0,100.0,0.0
KNDJT2A24A7191762,1,0.0,0.0,0.0,0.0,100.0
KNEW,1,0.0,0.0,0.0,0.0,100.0
KNMAT2MV0GP713379,1,0.0,0.0,0.0,0.0,100.0
KTM AG,1,0.0,0.0,100.0,0.0,0.0
KTM ALUMINUM FRAME,1,0.0,100.0,0.0,0.0,0.0
KWAK,1,0.0,0.0,0.0,100.0,0.0
KWNW,1,0.0,0.0,0.0,0.0,100.0
LAMBOURGHINI,1,0.0,0.0,0.0,0.0,100.0
LAMO,1,0.0,0.0,0.0,0.0,100.0
LAND  ROVER,1,0.0,0.0,0.0,100.0,0.0
LANDCRUISER,1,0.0,0.0,0.0,0.0,100.0
LANDR,1,0.0,0.0,0.0,0.0,100.0
LASER-Z,1,0.0,0.0,0.0,0.0,100.0
LEAF,1,0.0,0.0,0.0,0.0,100.0
LECUS,1,0.0,0.0,100.0,0.0,0.0
LEIKE,1,0.0,0.0,0.0,0.0,100.0
LESUX,1,0.0,0.0,0.0,0.0,100.0
LEXES,1,0.0,0.0,0.0,0.0,100.0
LEXI,1,0.0,0.0,0.0,0.0,100.0
LEXUA,1,0.0,0.0,0.0,0.0,100.0
LEXUSS,1,0.0,0.0,0.0,0.0,100.0
LEXUSZ,1,0.0,0.0,0.0,0.0,100.0
LEXUUS,1,0.0,0.0,0.0,100.0,0.0
LEXUVAL2012,1,0.0,0.0,0.0,0.0,100.0
LEXUW,1,0.0,0.0,0.0,100.0,0.0
LEXUX,1,0.0,0.0,0.0,0.0,100.0
LEZUS,1,0.0,0.0,0.0,0.0,100.0
LIINCOLN,1,0.0,0.0,0.0,0.0,100.0
LIME BIKE,1,0.0,0.0,0.0,100.0,0.0
LINCCOLN,1,0.0,0.0,0.0,0.0,100.0
LINCILN,1,0.0,0.0,0.0,0.0,100.0
LINCLN,1,0.0,0.0,0.0,0.0,100.0
LINCOLDN,1,0.0,0.0,0.0,0.0,100.0
LINCOLON,1,0.0,0.0,0.0,0.0,100.0
LINCVAL2001,1,0.0,0.0,0.0,0.0,100.0
LINK BELT,1,0.0,0.0,0.0,0.0,100.0
LINOLM,1,0.0,0.0,0.0,100.0,0.0
LIT SCOOTERS,1,0.0,0.0,100.0,0.0,0.0
LLOYDS,1,0.0,0.0,0.0,0.0,100.0
LLR,1,0.0,0.0,100.0,0.0,0.0
LND,1,0.0,0.0,0.0,0.0,100.0
LNDROVER,1,0.0,0.0,0.0,0.0,100.0
LNDRVR,1,0.0,0.0,0.0,0.0,100.0
LODAL,1,0.0,0.0,0.0,0.0,100.0
LONG,1,0.0,0.0,0.0,0.0,100.0
LONG LIFE,1,0.0,0.0,0.0,0.0,100.0
LOTUS,1,0.0,0.0,0.0,100.0,0.0
LRLEZE,1,0.0,0.0,0.0,0.0,100.0
M BENZ,1,0.0,0.0,100.0,0.0,0.0
MACH,1,0.0,0.0,0.0,0.0,100.0
MACJ,1,0.0,0.0,0.0,0.0,100.0
MACK 600,1,0.0,0.0,0.0,0.0,100.0
MACK TK,1,0.0,0.0,0.0,0.0,100.0
MACK TRUCKS INC,1,0.0,0.0,0.0,0.0,100.0
MACL,1,0.0,0.0,0.0,0.0,100.0
MAILTRUCK,1,0.0,0.0,0.0,0.0,100.0
MAKE,1,0.0,0.0,0.0,0.0,100.0
MANAC,1,0.0,0.0,0.0,0.0,100.0
MANDALAY,1,0.0,0.0,0.0,0.0,100.0
MARIN,1,0.0,0.0,0.0,0.0,100.0
MAROON,1,0.0,0.0,0.0,0.0,100.0
MARTZ,1,0.0,0.0,0.0,0.0,100.0
MASERTI,1,0.0,0.0,100.0,0.0,0.0
MAST,1,0.0,0.0,0.0,0.0,100.0
MATL,1,0.0,0.0,0.0,0.0,100.0
MAXDA,1,0.0,0.0,100.0,0.0,0.0
MAXIMA,1,0.0,0.0,0.0,0.0,100.0
MAZDA 3,1,0.0,0.0,0.0,0.0,100.0
MAZFA,1,0.0,0.0,100.0,0.0,0.0
MAZZERATI,1,0.0,0.0,0.0,0.0,100.0
MCPS,1,0.0,0.0,0.0,0.0,100.0
MD,1,0.0,0.0,0.0,100.0,0.0
MEC,1,0.0,0.0,0.0,0.0,100.0
MECEDEZ,1,0.0,0.0,0.0,100.0,0.0
MECREDES,1,0.0,0.0,0.0,0.0,100.0
MEDZ,1,0.0,0.0,0.0,0.0,100.0
MER BENX,1,0.0,0.0,0.0,0.0,100.0
MER-BENZ,1,0.0,0.0,0.0,0.0,100.0
MERC BENZ,1,0.0,0.0,0.0,0.0,100.0
MERC EDES,1,0.0,0.0,0.0,0.0,100.0
MERCARY,1,0.0,0.0,0.0,0.0,100.0
MERCE,1,0.0,0.0,0.0,0.0,100.0
MERCED,1,0.0,0.0,0.0,0.0,100.0
MERCEDED,1,0.0,0.0,0.0,0.0,100.0
MERCEDEES,1,0.0,0.0,0.0,0.0,100.0
MERCEDES BEN,1,0.0,0.0,0.0,0.0,100.0
MERCEDES ENZ,1,0.0,0.0,0.0,0.0,100.0
MERCEDES ZBENZ,1,0.0,0.0,0.0,0.0,100.0
MERCEDES-BE,1,0.0,0.0,0.0,0.0,100.0
MERCEDESS,1,0.0,0.0,0.0,0.0,100.0
MERCEDEZ BENS,1,0.0,0.0,0.0,100.0,0.0
MERCEDS,1,0.0,0.0,0.0,0.0,100.0
MERCEEDEZ,1,0.0,0.0,0.0,0.0,100.0
MERCEES,1,0.0,0.0,0.0,0.0,100.0
MERCENDES,1,0.0,0.0,0.0,0.0,100.0
MERCERY,1,0.0,0.0,0.0,0.0,100.0
MERCEZ,1,0.0,0.0,0.0,100.0,0.0
MERCRDEZ BENZ,1,0.0,0.0,0.0,0.0,100.0
MERCRY,1,0.0,0.0,0.0,0.0,100.0
MERDECES,1,0.0,0.0,0.0,0.0,100.0
MERDECES-BENZ,1,0.0,0.0,0.0,0.0,100.0
MERDEDES,1,0.0,0.0,100.0,0.0,0.0
MERECEDEZ,1,0.0,0.0,0.0,0.0,100.0
MERS-BENZ,1,0.0,0.0,0.0,0.0,100.0
MERTO BUS,1,0.0,0.0,0.0,0.0,100.0
MERX,1,0.0,0.0,0.0,0.0,100.0
MERZ 4S,1,0.0,0.0,0.0,0.0,100.0
MERZEDES BENZ,1,0.0,0.0,0.0,0.0,100.0
MERZEDEZ,1,0.0,0.0,100.0,0.0,0.0
METRORIDER LLC,1,0.0,0.0,0.0,0.0,100.0
MEZ,1,0.0,0.0,0.0,0.0,100.0
MICHIGAN,1,0.0,0.0,100.0,0.0,0.0
MICKEY,1,0.0,0.0,0.0,0.0,100.0
MIG TRAILERS,1,0.0,0.0,0.0,0.0,100.0
MINICARS,1,0.0,0.0,0.0,0.0,100.0
MINIVAL2013,1,0.0,0.0,0.0,0.0,100.0
MIST,1,0.0,0.0,0.0,0.0,100.0
MISTI,1,0.0,0.0,100.0,0.0,0.0
MISTISBUSH,1,0.0,0.0,0.0,0.0,100.0
MISTSUBISHI,1,0.0,0.0,0.0,100.0,0.0
MIT SUBISHI,1,0.0,0.0,0.0,0.0,100.0
MITBISHI,1,0.0,0.0,0.0,0.0,100.0
MITBUSHI,1,0.0,0.0,0.0,0.0,100.0
MITH=SHUBISHI,1,0.0,0.0,0.0,100.0,0.0
MITI,1,0.0,0.0,0.0,0.0,100.0
MITIS,1,0.0,0.0,100.0,0.0,0.0
MITISHBI,1,0.0,0.0,0.0,0.0,100.0
MITISHIBI,1,0.0,0.0,0.0,0.0,100.0
MITISUBISHI,1,0.0,0.0,0.0,0.0,100.0
MITSBSHI,1,0.0,0.0,0.0,0.0,100.0
MITSHBISHI,1,0.0,0.0,0.0,0.0,100.0
MITSHIBUSHI,1,0.0,0.0,0.0,0.0,100.0
MITSIBUISHI,1,0.0,0.0,0.0,100.0,0.0
MITSUB,1,0.0,0.0,0.0,0.0,100.0
MITSUBHISHI,1,0.0,0.0,0.0,0.0,100.0
MITSUBI,1,0.0,0.0,0.0,0.0,100.0
MITSUBICHI,1,0.0,0.0,0.0,0.0,100.0
MITSUBIHSI,1,0.0,0.0,0.0,0.0,100.0
MITSUBISSHI,1,0.0,0.0,100.0,0.0,0.0
MITSUBSCHI,1,0.0,0.0,0.0,0.0,100.0
MITSUNSHI,1,0.0,0.0,0.0,0.0,100.0
MITT,1,0.0,0.0,0.0,100.0,0.0
MITUBISHI,1,0.0,0.0,0.0,0.0,100.0
MITUS,1,0.0,0.0,0.0,0.0,100.0
MITUSBISHI,1,0.0,0.0,0.0,100.0,0.0
MIXED,1,0.0,0.0,0.0,0.0,100.0
MIYS,1,0.0,0.0,0.0,0.0,100.0
MNI,1,0.0,0.0,0.0,100.0,0.0
MOGU,1,0.0,0.0,0.0,0.0,100.0
MONSTER,1,0.0,0.0,0.0,100.0,0.0
MORGAN OLSON,1,0.0,0.0,0.0,0.0,100.0
MOSSAM,1,0.0,0.0,0.0,0.0,100.0
MOTIV,1,0.0,0.0,0.0,100.0,0.0
MOTO,1,0.0,0.0,0.0,0.0,100.0
MOTOGUZZI,1,0.0,0.0,0.0,0.0,100.0
MOTOR COACH,1,0.0,0.0,0.0,0.0,100.0
MOTOR COACH IND.,1,0.0,0.0,0.0,0.0,100.0
MOTOR COACH INDUST.,1,0.0,0.0,0.0,0.0,100.0
MQZDA,1,0.0,0.0,0.0,100.0,0.0
MRCEDES,1,0.0,0.0,0.0,0.0,100.0
MRECEDES,1,0.0,0.0,100.0,0.0,0.0
MREZ,1,0.0,0.0,0.0,0.0,100.0
MRRZ,1,0.0,0.0,0.0,0.0,100.0
MTIS,1,0.0,100.0,0.0,0.0,0.0
MTSUBISHI,1,0.0,0.0,0.0,0.0,100.0
MUCURY,1,0.0,0.0,0.0,0.0,100.0
MURCERY,1,0.0,0.0,0.0,0.0,100.0
MYST,1,0.0,0.0,100.0,0.0,0.0
NABI (BUS),1,0.0,0.0,0.0,0.0,100.0
NAZDA,1,0.0,0.0,0.0,0.0,100.0
NCI,1,0.0,0.0,0.0,0.0,100.0
NEW F,1,0.0,0.0,0.0,0.0,100.0
NEW FLER,1,0.0,0.0,0.0,0.0,100.0
NEW FLIER,1,0.0,0.0,0.0,0.0,100.0
NEW FLYER BUS,1,0.0,0.0,0.0,0.0,100.0
NEW FLYER IND.,1,0.0,0.0,0.0,0.0,100.0
NEW FLYER TRANSIT,1,0.0,0.0,0.0,0.0,100.0
NEW GLYER,1,0.0,0.0,0.0,0.0,100.0
NEW LYER,1,0.0,0.0,0.0,0.0,100.0
NEW TBU,1,0.0,0.0,0.0,0.0,100.0
NEWCO INC,1,0.0,0.0,0.0,0.0,100.0
NEWFOUNDLAND,1,0.0,0.0,0.0,0.0,100.0
NEWVAL,1,0.0,0.0,0.0,0.0,100.0
NEWVAL2011,1,0.0,0.0,0.0,0.0,100.0
NEXH,1,0.0,0.0,0.0,0.0,100.0
NEY FLYER,1,0.0,0.0,0.0,0.0,100.0
NI,1,0.0,0.0,0.0,0.0,100.0
NINGBO,1,0.0,100.0,0.0,0.0,0.0
NINJA,1,0.0,0.0,100.0,0.0,0.0
NINTH CIRCLE CUSTOMS,1,0.0,0.0,0.0,0.0,100.0
NISAAN,1,0.0,0.0,0.0,0.0,100.0
NISSAB,1,0.0,0.0,0.0,0.0,100.0
NISSAM,1,0.0,0.0,0.0,0.0,100.0
NISSAN 4S,1,0.0,0.0,0.0,0.0,100.0
NISSAN DIESEL,1,0.0,0.0,0.0,0.0,100.0
NISSAN320,1,0.0,0.0,0.0,0.0,100.0
NISSANT,1,0.0,0.0,0.0,0.0,100.0
NISSAS,1,0.0,0.0,0.0,0.0,100.0
NISSASN,1,0.0,0.0,0.0,100.0,0.0
NISSIA,1,0.0,0.0,0.0,100.0,0.0
NISSVAL2007,1,0.0,100.0,0.0,0.0,0.0
NISSVAL2008,1,0.0,0.0,0.0,0.0,100.0
NIU,1,0.0,0.0,0.0,100.0,0.0
NMDC,1,0.0,0.0,0.0,0.0,100.0
NOBA,1,0.0,0.0,0.0,0.0,100.0
NONE,1,0.0,0.0,0.0,100.0,0.0
NOV B,1,0.0,0.0,0.0,0.0,100.0
NSS,1,0.0,0.0,0.0,100.0,0.0
NUSS,1,0.0,0.0,0.0,100.0,0.0
NWLA,1,0.0,0.0,0.0,0.0,100.0
NY MOTORCYCLES,1,0.0,0.0,100.0,0.0,0.0
NYUNDAI,1,0.0,0.0,0.0,0.0,100.0
ODGE,1,0.0,0.0,0.0,0.0,100.0
OLDEMOBILE,1,0.0,0.0,0.0,0.0,100.0
OLDESMOBILE,1,0.0,0.0,0.0,100.0,0.0
OLDSMOBIL,1,0.0,0.0,0.0,0.0,100.0
ONDA,1,0.0,0.0,100.0,0.0,0.0
OO,1,0.0,0.0,0.0,0.0,100.0
OR,1,0.0,0.0,0.0,0.0,100.0
ORDD,1,0.0,0.0,0.0,0.0,100.0
ORIAN,1,0.0,0.0,0.0,0.0,100.0
ORIAN BLUE,1,0.0,0.0,0.0,0.0,100.0
ORIO DS,1,0.0,0.0,0.0,0.0,100.0
ORION 5,1,0.0,0.0,0.0,0.0,100.0
ORION BUS,1,0.0,0.0,0.0,0.0,100.0
ORION V,1,0.0,0.0,0.0,0.0,100.0
OSHKOSH,1,0.0,0.0,0.0,0.0,100.0
OUTLANDER,1,0.0,0.0,0.0,0.0,100.0
PACESETTER,1,0.0,0.0,0.0,0.0,100.0
PANTIAC,1,0.0,0.0,0.0,0.0,100.0
PBUILT,1,0.0,0.0,0.0,0.0,100.0
PCH,1,0.0,0.0,0.0,100.0,0.0
PEN,1,0.0,0.0,0.0,0.0,100.0
PERML,1,0.0,0.0,0.0,0.0,100.0
PERTERBUILT,1,0.0,0.0,0.0,0.0,100.0
PETEBUILT,1,0.0,0.0,0.0,0.0,100.0
PETERB,1,0.0,0.0,0.0,0.0,100.0
PETERBELT,1,0.0,0.0,0.0,0.0,100.0
PETERBIL,1,0.0,0.0,0.0,0.0,100.0
PETERBLT,1,0.0,0.0,0.0,0.0,100.0
PETERBUILT 389,1,0.0,0.0,0.0,0.0,100.0
PETERBULIT,1,0.0,0.0,0.0,0.0,100.0
PIAG,1,0.0,0.0,0.0,100.0,0.0
PIERCE-DASH,1,0.0,0.0,0.0,0.0,100.0
PIERS,1,0.0,0.0,0.0,0.0,100.0
PIRCE,1,0.0,0.0,0.0,0.0,100.0
PK,1,0.0,0.0,0.0,0.0,100.0
PLMOTH,1,0.0,0.0,0.0,0.0,100.0
PLYMOTH,1,0.0,0.0,0.0,0.0,100.0
POLA,1,0.0,0.0,0.0,0.0,100.0
POLICE,1,0.0,0.0,0.0,0.0,100.0
POMTIAC,1,0.0,0.0,0.0,0.0,100.0
PONIAC,1,0.0,0.0,0.0,0.0,100.0
PONITAC,1,0.0,0.0,0.0,0.0,100.0
PONT.,1,0.0,0.0,0.0,0.0,100.0
PONTIC,1,0.0,0.0,0.0,0.0,100.0
POR,1,0.0,0.0,0.0,0.0,100.0
PORSCE,1,0.0,0.0,0.0,0.0,100.0
PORSE,1,0.0,0.0,0.0,0.0,100.0
PORSH,1,0.0,0.0,0.0,0.0,100.0
PORSHCE,1,0.0,0.0,100.0,0.0,0.0
POSCH,1,0.0,0.0,0.0,0.0,100.0
POSTAL TRUCK,1,0.0,0.0,0.0,0.0,100.0
POYOTA,1,0.0,0.0,0.0,0.0,100.0
PRECISION,1,0.0,0.0,0.0,0.0,100.0
PREO,1,0.0,0.0,0.0,0.0,100.0
PREV,1,0.0,0.0,0.0,0.0,100.0
PREVO,1,0.0,0.0,0.0,0.0,100.0
PRIDE,1,0.0,0.0,0.0,100.0,0.0
PROMASTER,1,0.0,0.0,0.0,0.0,100.0
PROTERRA,1,0.0,0.0,0.0,0.0,100.0
PTBT,1,0.0,0.0,0.0,0.0,100.0
PTRD,1,0.0,0.0,0.0,0.0,100.0
PTRP,1,0.0,0.0,0.0,0.0,100.0
PUNT,1,0.0,0.0,0.0,0.0,100.0
PUSH,1,0.0,0.0,0.0,0.0,100.0
PUSH-MSDE-D-12,1,0.0,0.0,0.0,0.0,100.0
QIPAI,1,0.0,0.0,100.0,0.0,0.0
QLINK,1,0.0,100.0,0.0,0.0,0.0
QMWHEEL,1,0.0,0.0,100.0,0.0,0.0
RALLY,1,0.0,0.0,0.0,100.0,0.0
RANGE ROGER,1,0.0,0.0,0.0,0.0,100.0
RANGER ROVER,1,0.0,0.0,0.0,0.0,100.0
RANGROV,1,0.0,0.0,0.0,0.0,100.0
RAV,1,0.0,0.0,0.0,0.0,100.0
RAZOR,1,0.0,0.0,0.0,100.0,0.0
RDX,1,0.0,0.0,0.0,0.0,100.0
RECON ISUZU,1,0.0,0.0,0.0,100.0,0.0
RECY,1,0.0,0.0,0.0,0.0,100.0
RED,1,0.0,0.0,0.0,0.0,100.0
REIT,1,0.0,0.0,0.0,0.0,100.0
REX,1,0.0,0.0,0.0,0.0,100.0
RIDE,1,0.0,0.0,0.0,0.0,100.0
RIDE ON BUS,1,0.0,0.0,0.0,0.0,100.0
RIDE-ON,1,0.0,0.0,0.0,0.0,100.0
RIMSON,1,0.0,0.0,0.0,0.0,100.0
RNG RVR,1,0.0,0.0,100.0,0.0,0.0
RO,1,0.0,0.0,0.0,0.0,100.0
ROAD,1,0.0,0.0,0.0,0.0,100.0
ROCKBIKE,1,100.0,0.0,0.0,0.0,0.0
ROCKET,1,0.0,0.0,100.0,0.0,0.0
ROEHR MOTORCYCLES,1,0.0,0.0,0.0,100.0,0.0
ROEN,1,0.0,0.0,100.0,0.0,0.0
ROLLS,1,0.0,0.0,0.0,0.0,100.0
ROLLS ROYCE,1,0.0,0.0,0.0,0.0,100.0
ROUGE,1,0.0,0.0,0.0,0.0,100.0
ROYA,1,0.0,100.0,0.0,0.0,0.0
ROYAL,1,0.0,0.0,100.0,0.0,0.0
ROYALENFIELD,1,0.0,100.0,0.0,0.0,0.0
ROYOTA,1,0.0,0.0,0.0,0.0,100.0
RV,1,0.0,0.0,0.0,0.0,100.0
RYDER,1,0.0,0.0,0.0,0.0,100.0
S,1,0.0,0.0,0.0,0.0,100.0
SAATURN,1,0.0,0.0,0.0,0.0,100.0
SABARU,1,0.0,0.0,0.0,0.0,100.0
SABB,1,0.0,0.0,0.0,0.0,100.0
SABSRU,1,0.0,0.0,0.0,0.0,100.0
SABURU,1,0.0,0.0,0.0,0.0,100.0
SAF-T-LINER,1,0.0,0.0,0.0,0.0,100.0
SAFT,1,0.0,0.0,0.0,0.0,100.0
SAG,1,0.0,0.0,0.0,0.0,100.0
SANTA FE,1,0.0,0.0,0.0,0.0,100.0
SANYANNG,1,0.0,0.0,0.0,100.0,0.0
SANYOU HOLDING GROUP,1,0.0,0.0,0.0,0.0,100.0
SATRN,1,0.0,0.0,0.0,0.0,100.0
SATRUN,1,0.0,0.0,0.0,0.0,100.0
SATUR,1,0.0,0.0,0.0,0.0,100.0
SATURNN,1,0.0,0.0,0.0,0.0,100.0
SAUB,1,0.0,0.0,0.0,0.0,100.0
SAULSBURY,1,0.0,0.0,0.0,0.0,100.0
SCIOI,1,0.0,0.0,0.0,0.0,100.0
SCIONE,1,0.0,0.0,100.0,0.0,0.0
SCOOTER,1,0.0,0.0,0.0,100.0,0.0
SCOOTERCAR,1,0.0,0.0,100.0,0.0,0.0
SEAGATE,1,0.0,0.0,0.0,0.0,100.0
SEDAN,1,0.0,0.0,0.0,0.0,100.0
SEGWAY,1,0.0,0.0,100.0,0.0,0.0
SEMI,1,0.0,0.0,0.0,100.0,0.0
SENTRA,1,0.0,0.0,0.0,100.0,0.0
SERROTA,1,0.0,0.0,0.0,100.0,0.0
SETRA,1,0.0,0.0,0.0,0.0,100.0
SHAD,1,0.0,0.0,0.0,0.0,100.0
SHADOW,1,0.0,0.0,100.0,0.0,0.0
SHSRD78555U336510,1,0.0,0.0,0.0,0.0,100.0
SILV,1,0.0,0.0,0.0,0.0,100.0
SION,1,0.0,0.0,0.0,0.0,100.0
SISSON,1,0.0,0.0,0.0,0.0,100.0
SLINGSHOT,1,0.0,0.0,0.0,0.0,100.0
SMART CAR,1,0.0,0.0,0.0,0.0,100.0
SMC,1,0.0,0.0,0.0,0.0,100.0
SOUT,1,0.0,0.0,0.0,0.0,100.0
SP,1,0.0,0.0,0.0,0.0,100.0
SPARK,1,0.0,0.0,0.0,0.0,100.0
SPARTA,1,0.0,0.0,0.0,0.0,100.0
SPARTAN MOTORS,1,0.0,0.0,0.0,0.0,100.0
SPARTIAN,1,0.0,0.0,0.0,0.0,100.0
SPNR,1,0.0,0.0,0.0,0.0,100.0
SPRINGER,1,0.0,0.0,0.0,0.0,100.0
SPRINT,1,0.0,0.0,0.0,0.0,100.0
SPRINTER,1,0.0,0.0,0.0,0.0,100.0
SPRM,1,0.0,0.0,0.0,0.0,100.0
SRTC,1,0.0,0.0,0.0,0.0,100.0
SSR,1,0.0,0.0,0.0,0.0,100.0
SSR MOTORSPORT,1,0.0,100.0,0.0,0.0,0.0
SSRY,1,0.0,100.0,0.0,0.0,0.0
SSUBARU,1,0.0,0.0,0.0,0.0,100.0
ST,1,0.0,0.0,0.0,0.0,100.0
STACRAFT,1,0.0,0.0,0.0,0.0,100.0
STATURN,1,0.0,0.0,0.0,0.0,100.0
STCR,1,0.0,0.0,0.0,0.0,100.0
STE,1,0.0,0.0,0.0,0.0,100.0
STELING,1,0.0,0.0,0.0,0.0,100.0
STEM,1,0.0,0.0,0.0,0.0,100.0
STER DS,1,0.0,0.0,0.0,0.0,100.0
STERING,1,0.0,0.0,0.0,0.0,100.0
STERL,1,0.0,0.0,0.0,0.0,100.0
STIRLING,1,0.0,0.0,0.0,0.0,100.0
STL INDUSTRIAL,1,0.0,0.0,0.0,0.0,100.0
STLG DS,1,0.0,0.0,0.0,0.0,100.0
STOU,1,0.0,0.0,0.0,0.0,100.0
STR,1,0.0,0.0,0.0,0.0,100.0
STRA,1,0.0,0.0,0.0,0.0,100.0
STRAIGHT,1,0.0,0.0,0.0,0.0,100.0
SU,1,0.0,0.0,0.0,0.0,100.0
SUA,1,0.0,0.0,100.0,0.0,0.0
SUBARBU,1,0.0,0.0,0.0,0.0,100.0
SUBARE,1,0.0,0.0,100.0,0.0,0.0
SUBARO,1,0.0,0.0,0.0,0.0,100.0
SUBARRU,1,0.0,0.0,0.0,0.0,100.0
SUBARUUSS,1,0.0,0.0,0.0,0.0,100.0
SUBAVAL1997,1,0.0,0.0,0.0,0.0,100.0
SUBRA,1,0.0,0.0,0.0,0.0,100.0
SUBRARU,1,0.0,0.0,0.0,100.0,0.0
SUBRAU,1,0.0,0.0,0.0,0.0,100.0
SUBUARU,1,0.0,0.0,0.0,0.0,100.0
SUBUR,1,0.0,0.0,0.0,0.0,100.0
SUBURAU,1,0.0,0.0,0.0,0.0,100.0
SUBUREU,1,0.0,0.0,0.0,0.0,100.0
SUNARU,1,0.0,0.0,0.0,0.0,100.0
SUNL,1,0.0,100.0,0.0,0.0,0.0
SUR RON,1,0.0,0.0,0.0,100.0,0.0
SURARU,1,0.0,0.0,0.0,0.0,100.0
SURE,1,0.0,0.0,0.0,0.0,100.0
SURE-TRAC,1,0.0,0.0,0.0,0.0,100.0
SURRON,1,0.0,0.0,100.0,0.0,0.0
SUUKI,1,0.0,0.0,0.0,0.0,100.0
SUZAKI,1,0.0,0.0,0.0,100.0,0.0
SUZK,1,0.0,0.0,0.0,0.0,100.0
SUZKI,1,0.0,0.0,0.0,0.0,100.0
SUZUK,1,0.0,0.0,0.0,0.0,100.0
SWE,1,0.0,0.0,0.0,100.0,0.0
SXR,1,0.0,0.0,0.0,0.0,100.0
SYM,1,0.0,0.0,100.0,0.0,0.0
SZUSU,1,0.0,0.0,0.0,0.0,100.0
T,1,0.0,0.0,0.0,0.0,100.0
"T.H.S. PRODUCTS, INC",1,0.0,0.0,0.0,0.0,100.0
T0Y0TA,1,0.0,0.0,0.0,0.0,100.0
T0YOT,1,0.0,0.0,0.0,0.0,100.0
T0YT,1,0.0,0.0,0.0,0.0,100.0
TAHOE,1,0.0,0.0,0.0,0.0,100.0
TAIW,1,0.0,100.0,0.0,0.0,0.0
TAIWAN GOLDEN BEE,1,0.0,0.0,100.0,0.0,0.0
TAKE,1,0.0,0.0,0.0,0.0,100.0
TALIAH,1,0.0,0.0,0.0,100.0,0.0
TAO,1,0.0,0.0,100.0,0.0,0.0
TAO MOTORS,1,0.0,0.0,100.0,0.0,0.0
TAOTAO MOTORS,1,0.0,0.0,100.0,0.0,0.0
TEMSA,1,0.0,0.0,0.0,0.0,100.0
TESTLA,1,0.0,0.0,0.0,0.0,100.0
TGB,1,0.0,0.0,100.0,0.0,0.0
THAOMAS,1,0.0,0.0,0.0,0.0,100.0
THBT,1,0.0,0.0,0.0,0.0,100.0
THIMAS,1,0.0,0.0,0.0,0.0,100.0
THOAS,1,0.0,0.0,0.0,0.0,100.0
THOM SCHOOL,1,0.0,0.0,0.0,0.0,100.0
THOMAS BLU,1,0.0,0.0,0.0,0.0,100.0
THOMAS BLUE BIRD,1,0.0,0.0,0.0,0.0,100.0
THOMAS BU,1,0.0,0.0,0.0,0.0,100.0
THOMAS BUILTT,1,0.0,0.0,0.0,0.0,100.0
THOMAS FRHT,1,0.0,0.0,0.0,0.0,100.0
THOMAS GRINDING,1,0.0,0.0,0.0,0.0,100.0
THOMAS SA,1,0.0,0.0,0.0,0.0,100.0
THOMAS-BUILT,1,0.0,0.0,0.0,0.0,100.0
THOMASBUILT,1,0.0,0.0,0.0,0.0,100.0
THOMMAS,1,0.0,0.0,0.0,0.0,100.0
THOMPAON,1,0.0,0.0,0.0,0.0,100.0
THOMUS,1,0.0,0.0,0.0,0.0,100.0
TIYITA,1,0.0,0.0,0.0,0.0,100.0
TIYOTA,1,0.0,0.0,0.0,100.0,0.0
TL,1,0.0,0.0,0.0,0.0,100.0
TO,1,0.0,0.0,0.0,0.0,100.0
TOM,1,0.0,0.0,0.0,0.0,100.0
TOMAS,1,0.0,0.0,0.0,0.0,100.0
TOMOS,1,0.0,0.0,100.0,0.0,0.0
TOOYOTA,1,0.0,0.0,0.0,0.0,100.0
TOTR,1,0.0,0.0,0.0,0.0,100.0
TOTT,1,0.0,0.0,0.0,0.0,100.0
TOTYOTA,1,0.0,0.0,0.0,0.0,100.0
TOTYTA,1,0.0,0.0,0.0,0.0,100.0
TOW,1,0.0,0.0,0.0,0.0,100.0
TOW TRUCK,1,0.0,0.0,0.0,0.0,100.0
TOY0AT,1,0.0,0.0,0.0,0.0,100.0
TOYIOTA,1,0.0,0.0,0.0,0.0,100.0
TOYITA,1,0.0,0.0,0.0,0.0,100.0
TOYOATA,1,0.0,0.0,0.0,0.0,100.0
TOYOOTA,1,0.0,0.0,0.0,0.0,100.0
TOYOTA C,1,0.0,0.0,0.0,0.0,100.0
TOYOTA/HONDA,1,0.0,0.0,0.0,0.0,100.0
TOYOTA/SCION,1,0.0,0.0,0.0,0.0,100.0
TOYOTA4,1,0.0,0.0,0.0,0.0,100.0
TOYOTA4D,1,0.0,0.0,0.0,0.0,100.0
TOYOTAC,1,0.0,0.0,0.0,0.0,100.0
TOYOTACE,1,0.0,0.0,0.0,0.0,100.0
TOYOTAQ,1,0.0,0.0,0.0,0.0,100.0
TOYOTAT,1,0.0,0.0,0.0,0.0,100.0
TOYOTAY,1,0.0,0.0,0.0,100.0,0.0
TOYOTOA,1,0.0,0.0,0.0,0.0,100.0
TOYOTY,1,0.0,0.0,0.0,0.0,100.0
TOYOVA,1,0.0,0.0,0.0,0.0,100.0
TOYOVAL2000,1,0.0,0.0,0.0,0.0,100.0
TOYOVAL2002,1,0.0,0.0,0.0,100.0,0.0
TOYOVAL2006,1,0.0,0.0,0.0,0.0,100.0
TOYOVAL2010,1,0.0,0.0,100.0,0.0,0.0
TOYOVAL2012,1,0.0,0.0,0.0,0.0,100.0
TOYR,1,0.0,0.0,0.0,0.0,100.0
TOYTHIGHLANDER,1,0.0,0.0,0.0,0.0,100.0
TOYTQ,1,0.0,0.0,0.0,0.0,100.0
TPYPTA,1,0.0,100.0,0.0,0.0,0.0
TPYT,1,0.0,0.0,0.0,0.0,100.0
TRACKER,1,0.0,0.0,0.0,0.0,100.0
TRAILMASTER,1,0.0,100.0,0.0,0.0,0.0
TRAILMOBILE,1,0.0,0.0,0.0,0.0,100.0
TRAIN,1,0.0,0.0,0.0,0.0,100.0
TRANSPRO,1,0.0,0.0,0.0,0.0,100.0
TRI,1,0.0,0.0,0.0,0.0,100.0
TRIM,1,0.0,0.0,0.0,0.0,100.0
TRIMUPH,1,0.0,100.0,0.0,0.0,0.0
TRIUMP,1,0.0,0.0,100.0,0.0,0.0
TRK,1,0.0,0.0,0.0,0.0,100.0
TUBU,1,0.0,0.0,0.0,0.0,100.0
TUCSON,1,0.0,0.0,0.0,0.0,100.0
TURF TRACER,1,0.0,0.0,0.0,0.0,100.0
TURT,1,0.0,0.0,0.0,0.0,100.0
TURTLE,1,0.0,0.0,0.0,0.0,100.0
TYOT,1,0.0,0.0,0.0,0.0,100.0
TYOYOTA,1,0.0,0.0,0.0,0.0,100.0
UBA,1,0.0,0.0,0.0,0.0,100.0
UKN,1,0.0,0.0,0.0,0.0,100.0
UKNOWN,1,0.0,0.0,0.0,100.0,0.0
UNMT,1,0.0,0.0,0.0,0.0,100.0
UNNOWN,1,0.0,0.0,0.0,0.0,100.0
US MAIL TRUCK,1,0.0,0.0,0.0,0.0,100.0
US POSTAL TRUCK,1,0.0,0.0,0.0,0.0,100.0
USA,1,0.0,0.0,0.0,0.0,100.0
UTI,1,0.0,0.0,0.0,0.0,100.0
UTILITY,1,0.0,0.0,0.0,0.0,100.0
VAN GUARD TRAILER,1,0.0,0.0,0.0,0.0,100.0
VCG,1,0.0,0.0,0.0,0.0,100.0
VELOCI,1,0.0,100.0,0.0,0.0,0.0
VESP,1,0.0,0.0,100.0,0.0,0.0
VHRY,1,0.0,0.0,0.0,0.0,100.0
VLK,1,0.0,0.0,0.0,0.0,100.0
VOIK,1,0.0,0.0,0.0,0.0,100.0
VOKSWAGON,1,0.0,0.0,0.0,100.0,0.0
VOL.K,1,0.0,0.0,0.0,0.0,100.0
VOLCO,1,0.0,0.0,100.0,0.0,0.0
VOLKD,1,0.0,0.0,0.0,0.0,100.0
VOLKKWAGON,1,0.0,0.0,0.0,0.0,100.0
VOLKSAGON,1,0.0,0.0,0.0,0.0,100.0
VOLKSAWGEN,1,0.0,0.0,0.0,0.0,100.0
VOLKSWAGEM,1,0.0,0.0,0.0,0.0,100.0
VOLKSWAGEN2,1,0.0,0.0,0.0,0.0,100.0
VOLKSWAGKON,1,0.0,0.0,0.0,0.0,100.0
VOLKSWAGN,1,0.0,0.0,0.0,0.0,100.0
VOLKSWAWEN,1,0.0,0.0,0.0,0.0,100.0
VOLKSWGEN,1,0.0,0.0,0.0,0.0,100.0
VOLKSWGONA,1,0.0,0.0,0.0,0.0,100.0
VOLKWAGGON,1,0.0,0.0,100.0,0.0,0.0
VOLO,1,0.0,0.0,0.0,100.0,0.0
VOLVA,1,0.0,0.0,0.0,0.0,100.0
VOLVO SAB,1,0.0,0.0,0.0,0.0,100.0
VOLVVAL2008,1,0.0,0.0,0.0,0.0,100.0
VOVLV,1,0.0,0.0,0.0,100.0,0.0
VOVLVO,1,0.0,0.0,100.0,0.0,0.0
VPG,1,0.0,0.0,100.0,0.0,0.0
WAB,1,0.0,0.0,0.0,0.0,100.0
WAGON,1,0.0,0.0,100.0,0.0,0.0
WANT,1,0.0,0.0,0.0,0.0,100.0
WAUANAF47HN036334,1,0.0,0.0,0.0,0.0,100.0
WAUCD64B64N06045,1,0.0,0.0,0.0,0.0,100.0
WEAR,1,0.0,0.0,0.0,0.0,100.0
WEST COAST,1,0.0,0.0,0.0,0.0,100.0
WEST STAR,1,0.0,0.0,0.0,0.0,100.0
WESTERN STAR TRUCKS,1,0.0,0.0,0.0,0.0,100.0
WHEEL,1,0.0,0.0,0.0,0.0,100.0
WHIZZER,1,0.0,0.0,100.0,0.0,0.0
WIRTGEN,1,0.0,0.0,0.0,0.0,100.0
WOLK,1,0.0,0.0,0.0,0.0,100.0
WOLKSWAGEN,1,0.0,0.0,100.0,0.0,0.0
WOLKSWAGON,1,0.0,0.0,0.0,100.0,0.0
WORK HORSE,1,0.0,0.0,0.0,0.0,100.0
WRKHS,1,0.0,0.0,0.0,0.0,100.0
WVWHV7AJXDW13965,1,0.0,0.0,0.0,0.0,100.0
XXISS,1,0.0,0.0,0.0,0.0,100.0
XY,1,0.0,0.0,100.0,0.0,0.0
YAHMAHA,1,0.0,0.0,100.0,0.0,0.0
YALE,1,0.0,0.0,0.0,0.0,100.0
YAMASAKI,1,0.0,0.0,100.0,0.0,0.0
YONG,1,0.0,0.0,0.0,100.0,0.0
YONGFU,1,0.0,0.0,0.0,100.0,0.0
YOTA,1,0.0,0.0,0.0,100.0,0.0
YTOYOTA,1,0.0,0.0,0.0,0.0,100.0
YV4BZ982X91060431,1,0.0,0.0,0.0,0.0,100.0
ZHEJIANG JIAJUE,1,0.0,0.0,100.0,0.0,0.0
ZHEJIANG RIYA MOTORC,1,0.0,0.0,100.0,0.0,0.0
ZR900,1,0.0,0.0,100.0,0.0,0.0
ZUZUKI,1,0.0,0.0,0.0,0.0,100.0
